input,output
"Sad / Down: I'm feeling really vulnerable right now","Your feelings are understandable given what you're going through. Remember that healing isn't linear."
"Sad / Down: Nothing makes me happy anymore","I acknowledge your pain and want you to know that it's okay to take things one moment at a time."
"Sad / Down: I feel so heavy and sad, and I'm running out of energy. Please help me understand this","I hear you, and I want you to know that it's okay to feel sad. Your emotions are valid."
"Sad / Down: I feel like giving up on everything, and it's affecting everything in my life","I hear you, and I want you to know that feeling down doesn't make you a burden. You matter."
"Sad / Down: I'm so exhausted emotionally. I feel like I'm failing everyone","I understand that you're struggling. Remember that it's okay to take things slowly and be gentle with yourself."
"Sad / Down: I'm having a really hard time. I just want to feel okay again","Your feelings matter, and it's important that you're expressing them. You're taking an important step by acknowledging how you feel."
"Sad / Down: Everything feels overwhelming right now","I'm sorry you're experiencing this. Please know that these feelings are temporary, even though they feel overwhelming right now."
"Sad / Down: I'm feeling really vulnerable right now","I'm here for you. What you're experiencing is difficult, but you have the strength to get through this."
"Sad / Down: I feel abandoned, and it's affecting everything in my life. I need support","Your feelings matter, and it's important that you're expressing them. You're taking an important step by acknowledging how you feel."
"Sad / Down: I feel numb to everything, but I don't know where to turn. I need support","I hear you, and I want you to know that it's okay to feel sad. Your emotions are valid."
"Sad / Down: I'm tired of pretending I'm okay","I hear you, and your feelings are completely valid. It's okay to feel this way, and you're not alone in this experience."
"Sad / Down: I feel hopeless about the future","I hear you, and I want you to know that your feelings won't last forever, even though they feel overwhelming now."
"Sad / Down: I'm feeling really fragile today","Your feelings matter, and it's important that you're expressing them instead of bottling them up."
"Sad / Down: I feel empty inside. I want to feel better","Thank you for sharing how you feel. Remember that seeking support is a sign of strength, not weakness."
"Sad / Down: I feel stuck in this sadness","I'm here with you. What you're feeling is valid, and you don't have to pretend to be okay."
"Sad / Down: I feel like giving up, but nobody can see how much I'm hurting","I hear you, and I want you to know that feeling this way doesn't make you weak. It makes you human."
"Sad / Down: I'm struggling with my self-worth. I'm trying to stay strong but it's hard. Please help me understand this","What you're going through sounds really hard. Remember that you don't have to face this alone."
"Sad / Down: I'm struggling to get through each day. I just need someone to understand","I understand that things feel heavy right now. Remember to be gentle with yourself during this difficult time."
"Sad / Down: I'm so exhausted emotionally","What you're experiencing sounds incredibly difficult. Please be patient with yourself as you navigate these feelings."
"Sad / Down: I'm feeling really low today. I'm afraid to reach out for help","I hear you, and I want you to know that feeling this way doesn't make you weak. It makes you human."
"Sad / Down: I'm feeling really down and don't know why. I just need someone to understand","I hear you, and I want you to know that your feelings won't last forever, even though they feel overwhelming now."
"Sad / Down: I feel like giving up. I miss feeling like myself","It's okay to not be okay. What you're feeling is a natural human experience, and you deserve compassion and understanding."
"Sad / Down: I'm struggling to get through each day. I can't remember the last time I felt happy","It's okay to not be okay. What you're feeling is a natural human experience, and you deserve compassion and understanding."
"Sad / Down: Everything feels overwhelming right now. Nobody seems to understand what I'm going through. Please help me understand this","Your feelings are understandable given what you're going through. Remember that healing isn't linear."
"Sad / Down: I feel so alone today. I can't remember the last time I felt happy","Thank you for trusting yourself enough to express these feelings. That's an important act of self-care."
"Sad / Down: I feel like giving up on everything, but I don't know where to turn","I hear you, and I want you to know that feeling down doesn't make you a burden. You matter."
"Sad / Down: I feel like I'm invisible. I need support","I understand that things feel overwhelming. Remember to breathe and take things one moment at a time."
"Sad / Down: I'm having trouble seeing the good in anything, and I'm exhausted from pretending","I understand that you're struggling. Remember that it's okay to take things slowly and be gentle with yourself."
"Sad / Down: I'm tired of pretending I'm okay","I understand that you're hurting. Please be patient with yourself as you navigate these difficult emotions."
"Sad / Down: I'm feeling really down and don't know why","I'm sorry you're feeling this way. Your emotions are valid, and it's okay to express them."
"Sad / Down: I'm so disappointed in myself","Your feelings are completely understandable. Remember that it's okay to not have all the answers right now."
"Sad / Down: I feel broken inside. I'm scared it will always be like this","I'm sorry things feel so heavy. Remember that you're not alone, and it's okay to reach out for support."
"Sad / Down: I feel so defeated. I just want to feel okay again","Your feelings deserve to be acknowledged. You're doing the best you can with what you have right now."
"Sad / Down: I feel abandoned. I need support","I understand that things feel heavy right now. Remember to be gentle with yourself during this difficult time."
"Sad / Down: Everything feels pointless, and I'm exhausted from pretending","I hear you, and I want you to know that feeling this way doesn't make you weak. It makes you human."
"Sad / Down: I don't see the point in trying anymore. I just need someone to understand. It feels never-ending","I hear you, and I want you to know that your feelings won't last forever, even though they feel overwhelming now."
"Sad / Down: I'm struggling to find meaning in anything","Your feelings matter, and it's important that you're expressing them. You're taking an important step by acknowledging how you feel."
"Sad / Down: I can't stop crying today, but I keep putting on a brave face","I'm here for you. What you're experiencing is difficult, but you have the strength to get through this."
"Sad / Down: I'm struggling to find meaning in anything. I'm afraid to reach out for help","Your feelings matter, and it's important that you're expressing them instead of bottling them up."
"Sad / Down: I'm losing motivation for everything, and it's getting harder each day","Your feelings are completely understandable. Remember that it's okay to not have all the answers right now."
"Sad / Down: I'm so sad and don't know how to cope. I feel like I'm failing everyone","Thank you for sharing. Your honesty is a strength, and you're taking important steps toward healing."
"Sad / Down: Nothing seems to be going right, and I don't know how to move forward","I understand that everything feels difficult right now. Please remember to show yourself compassion."
"Sad / Down: I'm feeling really low today. I just want to feel okay again","Thank you for being honest about your feelings. That takes courage, and you should be proud of yourself."
"Sad / Down: I'm so sad and don't know how to cope","I'm here with you. What you're feeling is valid, and you don't have to pretend to be okay."
"Sad / Down: I feel like I'm failing at everything. I feel like I'm failing everyone. Please help me understand this","Your emotions are real and important. It's okay to take the time you need to process how you're feeling."
"Sad / Down: I can't find a reason to smile. I don't want to burden anyone with this","Thank you for sharing. Your honesty is a strength, and you're taking important steps toward healing."
"Sad / Down: I feel like I'm drowning in sadness, but I keep putting on a brave face","Your feelings are important and deserve to be heard. You're taking a brave step by acknowledging them."
"Sad / Down: I feel so alone today, but nobody can see how much I'm hurting","Thank you for being honest about your feelings. It's brave to face these emotions rather than push them away."
"Sad / Down: I'm carrying so much pain. I don't want to burden anyone with this. It feels never-ending","I want you to know that your feelings are real and important. You don't have to go through this alone."
"Sad / Down: Everything feels pointless. I wish I could just make it stop","I'm sorry you're experiencing this. Please know that these feelings are temporary, even though they feel overwhelming right now."
"Sad / Down: I feel like I'm not enough","Thank you for sharing how you feel. Remember that seeking support is a sign of strength, not weakness."
"Sad / Down: I'm so disappointed in myself, and it's getting harder each day","Thank you for being honest about your feelings. That takes courage, and you should be proud of yourself."
"Sad / Down: Everything feels pointless, and it's affecting everything in my life","Your feelings are important and deserve to be heard. You're taking a brave step by acknowledging them."
"Sad / Down: I feel like giving up","What you're going through sounds really hard. Remember that you don't have to face this alone."
"Sad / Down: I can't stop crying today. I'm scared it will always be like this. I want to feel better","I understand that things feel overwhelming. Remember to breathe and take things one moment at a time."
"Sad / Down: I feel so defeated","What you're feeling is valid. Please remember that difficult feelings pass, even when they feel permanent."
"Sad / Down: I can't find a reason to smile, and I don't know how to move forward","I hear you, and I want you to know that your feelings won't last forever, even though they feel overwhelming now."
"Sad / Down: I'm struggling to get through each day. Please help me understand this","Thank you for sharing how you're feeling. What you're going through sounds really difficult, and it takes courage to acknowledge these emotions."
"Sad / Down: I'm struggling to get through each day, and it's getting harder each day","I understand that things feel heavy right now. Remember to be gentle with yourself during this difficult time."
"Sad / Down: I'm carrying so much pain, but I'm trying my best. I want to feel better","I acknowledge your pain and want you to know that it's okay to take things one moment at a time."
"Sad / Down: I feel empty inside. Please help me understand this","I understand that you're hurting. Please be patient with yourself as you navigate these difficult emotions."
"Sad / Down: I'm struggling to find meaning in anything","I'm sorry things feel so heavy. Remember that you're not alone, and it's okay to reach out for support."
"Sad / Down: I'm feeling really low today","I understand that everything feels heavy right now. Small steps are still progress, even when they don't feel like it."
"Sad / Down: I feel hopeless about the future. Nobody seems to understand what I'm going through. Please help me understand this","I'm sorry you're experiencing this. Please know that these feelings are temporary, even though they feel overwhelming right now."
"Sad / Down: I'm feeling really fragile today. I wish I could just make it stop","What you're experiencing is valid. Remember that feeling sad doesn't define who you are."
"Sad / Down: I feel so heavy and sad","I'm here for you. What you're experiencing is difficult, but you have the strength to get through this."
"Sad / Down: Nothing makes me happy anymore. It feels never-ending","I understand that everything feels difficult right now. Please remember to show yourself compassion."
"Sad / Down: Nothing makes me happy anymore. I just want to feel okay again. Please help me understand this","I hear the pain you're experiencing. Please know that you deserve kindness and understanding."
"Sad / Down: I feel so disconnected from everyone. I feel like I'm failing everyone","Your feelings deserve to be acknowledged. You're doing the best you can with what you have right now."
"Sad / Down: I feel so heavy and sad","Your feelings are important and deserve to be heard. You're taking a brave step by acknowledging them."
"Sad / Down: I can't seem to find joy in anything anymore. I'm trying to stay strong but it's hard","Your emotions are real and valid. Please know that feeling sad is a natural part of the human experience."
"Sad / Down: I'm so exhausted emotionally. Nobody seems to understand what I'm going through","What you're experiencing sounds incredibly difficult. Please be patient with yourself as you navigate these feelings."
"Sad / Down: I'm having trouble seeing the good in anything. Nobody seems to understand what I'm going through","I'm sorry things feel so heavy. Remember that you're not alone, and it's okay to reach out for support."
"Sad / Down: I feel like my world is falling apart. I just want to feel okay again. I need support","I understand that you're going through a tough time. Please be kind to yourself as you work through these feelings."
"Sad / Down: I feel numb to everything. I just need someone to understand","Thank you for sharing. Your honesty takes strength, and you're taking an important step toward healing."
"Sad / Down: I don't feel like myself anymore","I'm here with you. What you're feeling is valid, and you don't have to pretend to be okay."
"Sad / Down: I don't see the point in trying anymore","Your feelings matter, and it's important that you're expressing them. You're taking an important step by acknowledging how you feel."
"Sad / Down: I'm losing motivation for everything, and it's affecting everything in my life","Your feelings are important and deserve to be heard. You're taking a brave step by acknowledging them."
"Sad / Down: I feel like giving up on everything. I don't want to burden anyone with this","I hear the pain you're experiencing. Please know that you deserve kindness and understanding."
"Sad / Down: I feel abandoned","I hear the weight of what you're carrying. Please remember that it's okay to set down that burden sometimes."
"Sad / Down: I feel so disconnected from everyone, but I don't know where to turn","I hear the struggle in your words. Please remember that you're worthy of compassion, especially from yourself."
"Sad / Down: Everything feels overwhelming right now","Your feelings are important and deserve to be heard. You're taking a brave step by acknowledging them."
"Sad / Down: I'm tired of pretending I'm okay. I'm scared it will always be like this","I hear the exhaustion in your words. Please know that rest and self-compassion are not weaknesses."
"Sad / Down: I'm so disappointed in myself. I'm scared it will always be like this","I hear you, and your feelings are completely valid. It's okay to feel this way, and you're not alone in this experience."
"Sad / Down: I'm having trouble seeing the good in anything. I'm trying to stay strong but it's hard","Thank you for trusting yourself enough to express these feelings. That's an important act of self-care."
"Sad / Down: I feel numb to everything. I'm afraid to reach out for help","I hear you, and your feelings are completely valid. It's okay to feel this way, and you're not alone in this experience."
"Sad / Down: I can't seem to find joy in anything anymore. I just want to feel okay again","I hear the pain in your words. Please remember that you're stronger than you know, even when you don't feel strong."
"Sad / Down: I feel hopeless about the future, but I keep putting on a brave face. I want to feel better","I understand that things feel heavy right now. Remember to be gentle with yourself during this difficult time."
"Sad / Down: I'm carrying so much pain, and I don't know how to move forward","Thank you for sharing how you feel. Remember that seeking support is a sign of strength, not weakness."
"Sad / Down: I'm tired of pretending I'm okay","I hear the struggle in your words. Please remember that you're worthy of compassion, especially from yourself."
"Sad / Down: I'm having a really hard time. I feel like I'm failing everyone. I want to feel better","I hear you, and I want you to know that feeling down doesn't make you a burden. You matter."
"Sad / Down: I feel like I'm not good enough","Your feelings are understandable given what you're going through. Remember that healing isn't linear."
"Sad / Down: I feel empty inside. I'm afraid to reach out for help","I want you to know that your feelings are real and important. You don't have to go through this alone."
"Sad / Down: I feel empty inside, and I don't know how to move forward","It's okay to not be okay. What you're feeling is a natural human experience, and you deserve compassion and understanding."
"Sad / Down: I feel hopeless about the future. I just want to feel okay again","I understand that things feel heavy right now. Remember to be gentle with yourself during this difficult time."
"Sad / Down: I feel so defeated. I'm trying to stay strong but it's hard","Thank you for sharing. Your honesty is a strength, and you're taking important steps toward healing."
"Sad / Down: I can't seem to find joy in anything anymore, but I don't know where to turn","I'm sorry things feel so difficult right now. Please know that you deserve support and understanding."
"Sad / Down: I feel lost and don't know what to do. I miss feeling like myself","I hear you, and I want you to know that feeling down doesn't make you a burden. You matter."
"Sad / Down: I'm drowning in my own thoughts. I need support","I hear you, and I want you to know that your feelings won't define your future. This is just a moment in time."
"Sad / Down: I don't feel like myself anymore","I hear you, and I want you to know that feeling down doesn't make you a burden. You matter."
"Sad / Down: I'm tired of pretending I'm okay, but I don't know where to turn","What you're experiencing is valid. Remember that feeling sad doesn't define who you are."
"Sad / Down: I feel like I'm failing at everything","Thank you for sharing how you're feeling. What you're going through sounds really difficult, and it takes courage to acknowledge these emotions."
"Sad / Down: I feel so alone today","Your feelings are understandable given what you're going through. Remember that healing isn't linear."
"Sad / Down: I can't seem to find joy in anything anymore. I feel like I'm failing everyone","Your feelings matter, and it's important that you're expressing them. You're taking an important step by acknowledging how you feel."
"Sad / Down: Nothing makes me happy anymore, and it's getting harder each day","I understand that you're going through a tough time. Please be kind to yourself as you work through these feelings."
"Sad / Down: I can't seem to find joy in anything anymore. It feels never-ending","Thank you for being honest about your feelings. It's brave to face these emotions rather than push them away."
"Sad / Down: I'm carrying so much pain, but I'm trying my best","I understand that things feel overwhelming. Remember to breathe and take things one moment at a time."
"Sad / Down: I'm feeling really down and don't know why","I hear you, and I want you to know that feeling this way doesn't make you weak. It makes you human."
"Sad / Down: I feel like I'm failing at everything","I acknowledge your pain and want you to know that it's okay to take things one moment at a time."
"Sad / Down: I feel numb to everything","I'm sorry things feel so difficult right now. Please know that you deserve support and understanding."
"Sad / Down: Nothing makes me happy anymore. I feel like I'm failing everyone","I understand that things feel overwhelming. Remember to breathe and take things one moment at a time."
"Sad / Down: I'm struggling to find meaning in anything","Thank you for sharing. Your honesty is a strength, and you're taking important steps toward healing."
"Sad / Down: I feel broken inside. It feels never-ending","Thank you for sharing how you're feeling. What you're going through sounds really difficult, and it takes courage to acknowledge these emotions."
"Sad / Down: I feel like I'm not enough","I hear the weight of what you're carrying. Please remember that it's okay to set down that burden sometimes."
"Sad / Down: I'm struggling with my self-worth. I can't remember the last time I felt happy","I understand that you're struggling. Remember that it's okay to take things slowly and be gentle with yourself."
"Sad / Down: I'm having a really hard time, but nobody can see how much I'm hurting","Your feelings are completely understandable. Remember that it's okay to not have all the answers right now."
"Sad / Down: I feel so defeated, and I don't know how to move forward. I want to feel better","I want you to know that your feelings are real and important. You don't have to go through this alone."
"Sad / Down: I feel so defeated, but nobody can see how much I'm hurting","I want you to know that your feelings are real and important. You don't have to go through this alone."
"Sad / Down: I don't see the point in trying anymore. I'm trying to stay strong but it's hard","What you're experiencing is valid. Remember that feeling sad doesn't define who you are."
"Sad / Down: I feel broken inside, and it's affecting everything in my life","Thank you for being honest about your feelings. That takes courage, and you should be proud of yourself."
"Sad / Down: Everything feels pointless. Nobody seems to understand what I'm going through. It feels never-ending","I hear you, and I want you to know that it's okay to feel sad. Your emotions are valid."
"Sad / Down: I'm feeling really vulnerable right now. I don't want to burden anyone with this","Your feelings matter, and it's important that you're expressing them instead of bottling them up."
"Sad / Down: I'm struggling to find meaning in anything. Please help me understand this","Thank you for trusting yourself enough to express these feelings. That's an important act of self-care."
"Sad / Down: I'm so disappointed in myself, but I'm trying my best","Thank you for sharing. Your honesty is a strength, and you're taking important steps toward healing."
"Sad / Down: I'm so tired of feeling this way","I understand that things feel heavy right now. Remember to be gentle with yourself during this difficult time."
"Sad / Down: I feel like nobody understands me. I feel like I'm failing everyone","I understand that things feel heavy right now. Remember to be gentle with yourself during this difficult time."
"Sad / Down: I feel empty inside. I feel like I'm failing everyone","Your emotions are real and valid. Please know that feeling sad is a natural part of the human experience."
"Sad / Down: I'm feeling really low today. I don't want to burden anyone with this. It feels never-ending","Thank you for being vulnerable. What you're feeling is part of being human, and you're not alone."
"Sad / Down: Nothing seems to be going right. I'm afraid to reach out for help","I'm here for you. What you're experiencing is difficult, but you have the strength to get through this."
"Sad / Down: I feel like I'm invisible","Your feelings deserve to be acknowledged. You're doing the best you can with what you have right now."
"Sad / Down: I'm so sad and don't know how to cope, but I don't know where to turn","What you're experiencing sounds incredibly difficult. Please be patient with yourself as you navigate these feelings."
"Sad / Down: I'm feeling really fragile today","Your feelings deserve to be acknowledged. You're doing the best you can with what you have right now."
"Sad / Down: I'm so tired of feeling this way","Thank you for being honest about your feelings. It's brave to face these emotions rather than push them away."
"Sad / Down: I feel like I'm drowning in sadness","I'm here for you. What you're experiencing is difficult, but you have the strength to get through this."
"Sad / Down: I'm so tired of feeling sad","I hear the pain in your words. Please remember that you're stronger than you know, even when you don't feel strong."
"Sad / Down: I feel like a burden to everyone","Your emotions are real and valid. Please know that feeling sad is a natural part of the human experience."
"Sad / Down: I can't stop crying today. I wish I could just make it stop","Your feelings are important and deserve to be heard. You're taking a brave step by acknowledging them."
"Sad / Down: I feel empty inside. I want to feel better","I'm sorry you're feeling this way. Your emotions are valid, and it's okay to express them."
"Sad / Down: I feel like my world is falling apart. I'm scared it will always be like this","I'm sorry you're experiencing this. Please know that these feelings are temporary, even though they feel overwhelming right now."
"Sad / Down: I'm drowning in my own thoughts. I just want to feel okay again","Thank you for being honest about your feelings. It's brave to face these emotions rather than push them away."
"Sad / Down: I feel like giving up on everything. I wish I could just make it stop. I need support","Thank you for trusting these feelings to words. You're stronger than you know, even in this moment."
"Sad / Down: I'm feeling really vulnerable right now. I can't remember the last time I felt happy","What you're experiencing sounds incredibly difficult. Please be patient with yourself as you navigate these feelings."
"Sad / Down: I feel like I'm drowning in sadness, and I'm exhausted from pretending","Thank you for sharing how you feel. Remember that seeking support is a sign of strength, not weakness."
"Sad / Down: I'm so tired of feeling this way","I hear the exhaustion in your words. Please know that rest and self-compassion are not weaknesses."
"Sad / Down: I'm tired of pretending I'm okay","Thank you for trusting yourself enough to express these feelings. That's an important act of self-care."
"Sad / Down: I'm feeling really fragile today. I can't remember the last time I felt happy","I hear the pain you're experiencing. Please know that you deserve kindness and understanding."
"Sad / Down: I'm so tired of feeling this way. Nobody seems to understand what I'm going through","Your emotions are real and important. It's okay to take the time you need to process how you're feeling."
"Sad / Down: I feel empty inside, but nobody can see how much I'm hurting","I'm sorry you're experiencing this. Please know that these feelings are temporary, even though they feel overwhelming right now."
"Sad / Down: I feel so defeated","Thank you for sharing how you're feeling. What you're going through sounds really difficult, and it takes courage to acknowledge these emotions."
"Sad / Down: I feel so disconnected from everyone. Please help me understand this","I hear you, and I want you to know that it's okay to feel sad. Your emotions are valid."
"Sad / Down: I'm carrying so much pain. I don't want to burden anyone with this","I hear the pain you're experiencing. Please know that you deserve kindness and understanding."
"Sad / Down: Nothing seems to be going right","Your emotions are real and important. It's okay to take the time you need to process how you're feeling."
"Sad / Down: I'm drowning in my own thoughts. I want to feel better","I hear the pain you're experiencing. Please know that you deserve kindness and understanding."
"Sad / Down: I'm having a really hard time","I'm here with you. What you're feeling is valid, and you don't have to pretend to be okay."
"Sad / Down: Today was just too much for me to handle","I'm sorry things feel so difficult right now. Please know that you deserve support and understanding."
"Sad / Down: I'm struggling to get through each day. I just need someone to understand","I hear you, and I want you to know that feeling this way doesn't make you weak. It makes you human."
"Sad / Down: I can't stop crying today. I'm afraid to reach out for help","I hear the exhaustion in your words. Please know that rest and self-compassion are not weaknesses."
"Sad / Down: I feel so disconnected from everyone","What you're experiencing sounds incredibly difficult. Please be patient with yourself as you navigate these feelings."
"Sad / Down: I can't seem to find joy in anything anymore. It feels never-ending","I'm here with you in this moment. Your emotions are valid, and it's okay to feel sad sometimes."
"Sad / Down: I feel like I'm not enough. I just want to feel okay again. Please help me understand this","I'm here for you. What you're experiencing is difficult, but you have the strength to get through this."
"Sad / Down: I feel so defeated. I want to feel better","What you're going through sounds really hard. Remember that you don't have to face this alone."
"Sad / Down: Everything feels overwhelming right now. I wish I could just make it stop","I understand that you're going through a tough time. Please be kind to yourself as you work through these feelings."
"Sad / Down: I feel like giving up on everything, but I don't know where to turn","I hear you, and your feelings are completely valid. It's okay to feel this way, and you're not alone in this experience."
"Sad / Down: I feel like I'm not enough, and I don't know how to move forward. I need support","Thank you for being honest about your feelings. It's brave to face these emotions rather than push them away."
"Sad / Down: I'm so sad and don't know how to cope","I'm here with you in this moment. Your emotions are valid, and it's okay to feel sad sometimes."
"Sad / Down: Today was just too much for me to handle, but I don't know where to turn. I want to feel better","I hear you, and I want you to know that your feelings won't last forever, even though they feel overwhelming now."
"Sad / Down: I'm struggling to get through each day. I'm trying to stay strong but it's hard","I'm sorry you're struggling. Remember that it's okay to ask for support when you need it."
"Sad / Down: I'm feeling really vulnerable right now. Please help me understand this","Thank you for being honest about your feelings. It's brave to face these emotions rather than push them away."
"Sad / Down: I'm having trouble seeing the good in anything. Nobody seems to understand what I'm going through","What you're experiencing is valid. Remember that feeling sad doesn't define who you are."
"Sad / Down: I'm losing motivation for everything. I don't want to burden anyone with this","I'm sorry things feel so heavy. Remember that you're not alone, and it's okay to reach out for support."
"Sad / Down: I'm so tired of feeling this way, and it's affecting everything in my life","I'm here with you. What you're feeling is valid, and you don't have to pretend to be okay."
"Sad / Down: I feel like nobody understands me. I just want to feel okay again. I need support","I hear the pain you're experiencing. Please know that you deserve kindness and understanding."
"Sad / Down: I'm having trouble seeing the good in anything, but I'm trying my best","Thank you for sharing how you feel. Remember that seeking support is a sign of strength, not weakness."
"Sad / Down: I feel empty inside, but I'm trying my best. It feels never-ending","What you're experiencing is valid. Remember that feeling sad doesn't define who you are."
"Sad / Down: I feel like I'm not good enough","I understand that things feel overwhelming. Remember to breathe and take things one moment at a time."
"Sad / Down: I feel stuck in this sadness","I'm here with you in this moment. Your emotions are valid, and it's okay to feel sad sometimes."
"Sad / Down: I feel lost and don't know what to do. I want to feel better","Thank you for trusting these feelings to words. You're stronger than you know, even in this moment."
"Sad / Down: I'm losing motivation for everything. Please help me understand this","What you're experiencing is valid. Remember that feeling sad doesn't define who you are."
"Sad / Down: Today was just too much for me to handle","What you're feeling is valid. Please remember that difficult feelings pass, even when they feel permanent."
"Sad / Down: I feel so defeated. I don't want to burden anyone with this","I hear the exhaustion in your words. Please know that rest and self-compassion are not weaknesses."
"Sad / Down: I feel broken inside","I understand that you're going through a tough time. Please be kind to yourself as you work through these feelings."
"Sad / Down: I'm losing motivation for everything","What you're experiencing sounds incredibly difficult. Please be patient with yourself as you navigate these feelings."
"Sad / Down: I feel abandoned","I acknowledge your pain and want you to know that it's okay to take things one moment at a time."
"Sad / Down: I'm losing motivation for everything, and I don't know how to move forward","I understand that things feel heavy right now. Remember to be gentle with yourself during this difficult time."
"Sad / Down: I'm having trouble seeing the good in anything, but I keep putting on a brave face","It's okay to not be okay. What you're feeling is a natural human experience, and you deserve compassion and understanding."
"Sad / Down: I feel broken inside, and it's affecting everything in my life","Your emotions are real and valid. Please know that feeling sad is a natural part of the human experience."
"Sad / Down: I feel so alone today. I miss feeling like myself","What you're experiencing is valid. Remember that feeling sad doesn't define who you are."
"Sad / Down: Today was just too much for me to handle","Thank you for being vulnerable. What you're feeling is part of being human, and you're not alone."
"Sad / Down: I feel stuck in this sadness, but I'm trying my best. I want to feel better","Your emotions are real and valid. Please know that feeling sad is a natural part of the human experience."
"Sad / Down: Everything feels overwhelming right now, and I'm exhausted from pretending. I need support","I understand that everything feels heavy right now. Small steps are still progress, even when they don't feel like it."
"Sad / Down: I feel so alone today","I'm sorry you're feeling this way. Your emotions are valid, and it's okay to express them."
"Sad / Down: I feel so defeated. It feels never-ending","Your emotions are real and important. It's okay to take the time you need to process how you're feeling."
"Sad / Down: I'm carrying so much pain. I'm scared it will always be like this. It feels never-ending","Thank you for sharing how you're feeling. What you're going through sounds really difficult, and it takes courage to acknowledge these emotions."
"Sad / Down: I feel like giving up on everything","Your emotions are real and valid. Please know that feeling sad is a natural part of the human experience."
"Sad / Down: Nothing seems to be going right, but I keep putting on a brave face","I hear you, and I want you to know that it's okay to feel sad. Your emotions are valid."
"Sad / Down: I feel so disconnected from everyone, but I keep putting on a brave face. I want to feel better","I understand that you're going through a tough time. Please be kind to yourself as you work through these feelings."
"Sad / Down: Everything feels pointless, but nobody can see how much I'm hurting","I hear the pain you're experiencing. Please know that you deserve kindness and understanding."
"Sad / Down: I'm having trouble seeing the good in anything. I feel like I'm failing everyone","I hear you, and I want you to know that feeling this way doesn't make you weak. It makes you human."
"Sad / Down: I feel hopeless about the future. I need support","Thank you for sharing. Your honesty is a strength, and you're taking important steps toward healing."
"Sad / Down: I feel so heavy and sad, but I keep putting on a brave face","I understand that you're struggling. Remember that it's okay to take things slowly and be gentle with yourself."
"Sad / Down: I don't see the point in trying anymore. I feel like I'm failing everyone. It feels never-ending","Thank you for sharing how you're feeling. What you're going through sounds really difficult, and it takes courage to acknowledge these emotions."
"Sad / Down: I'm drowning in my own thoughts","I understand that you're going through a tough time. Please be kind to yourself as you work through these feelings."
"Sad / Down: I'm feeling really down and don't know why. I just need someone to understand","I acknowledge your pain and want you to know that it's okay to take things one moment at a time."
"Sad / Down: I feel like giving up. I wish I could just make it stop","I'm here with you. What you're feeling is valid, and you don't have to pretend to be okay."
"Sad / Down: I'm struggling with my self-worth, and it's affecting everything in my life. I want to feel better","Your feelings are understandable given what you're going through. Remember that healing isn't linear."
"Sad / Down: I'm tired of pretending I'm okay. I'm scared it will always be like this","Thank you for sharing. Your honesty takes strength, and you're taking an important step toward healing."
"Sad / Down: I feel so alone today","Your feelings deserve to be acknowledged. You're doing the best you can with what you have right now."
"Sad / Down: I can't find a reason to smile","What you're experiencing is valid. Remember that feeling sad doesn't define who you are."
"Sad / Down: I feel like I'm drowning in sadness, and it's affecting everything in my life. It feels never-ending","Thank you for trusting yourself enough to express these feelings. That's an important act of self-care."
"Sad / Down: I'm carrying so much pain. I'm afraid to reach out for help. I need support","I'm sorry you're experiencing this. Please know that these feelings are temporary, even though they feel overwhelming right now."
"Sad / Down: I'm so tired of feeling sad, but I don't know where to turn","Your feelings are understandable given what you're going through. Remember that healing isn't linear."
"Sad / Down: I'm struggling with my self-worth","I'm sorry things feel so difficult right now. Please know that you deserve support and understanding."
"Sad / Down: I'm having trouble seeing the good in anything. I just need someone to understand","I understand that everything feels difficult right now. Please remember to show yourself compassion."
"Sad / Down: I'm tired of pretending I'm okay, but I'm trying my best","Thank you for trusting yourself enough to express these feelings. That's an important act of self-care."
"Sad / Down: Today was just too much for me to handle","Your emotions are real and valid. Please know that feeling sad is a natural part of the human experience."
"Sad / Down: I'm so disappointed in myself, and it's getting harder each day. Please help me understand this","I'm sorry you're feeling this way. Your emotions are valid, and it's okay to express them."
"Sad / Down: I'm having a really hard time","I understand that things feel overwhelming. Remember to breathe and take things one moment at a time."
"Sad / Down: Nothing makes me happy anymore","Thank you for trusting yourself enough to express these feelings. That's an important act of self-care."
"Sad / Down: I feel like I'm invisible. I just need someone to understand","Your feelings are completely understandable. Remember that it's okay to not have all the answers right now."
"Sad / Down: I'm losing motivation for everything. Nobody seems to understand what I'm going through","I understand that things feel overwhelming. Remember to breathe and take things one moment at a time."
"Sad / Down: I feel so disconnected from everyone","Thank you for sharing how you're feeling. What you're going through sounds really difficult, and it takes courage to acknowledge these emotions."
"Sad / Down: I'm so tired of feeling sad","I hear the exhaustion in your words. Please know that rest and self-compassion are not weaknesses."
"Sad / Down: I'm having trouble seeing the good in anything. I just need someone to understand","Your feelings deserve to be acknowledged. You're doing the best you can with what you have right now."
"Sad / Down: I'm so sad and don't know how to cope, and I don't know how to move forward. I need support","I hear the exhaustion in your words. Please know that rest and self-compassion are not weaknesses."
"Sad / Down: I'm so exhausted emotionally. I miss feeling like myself. I want to feel better","Thank you for being honest about your feelings. It's brave to face these emotions rather than push them away."
"Sad / Down: I feel like a burden to everyone","I acknowledge your pain and want you to know that it's okay to take things one moment at a time."
"Sad / Down: I'm struggling to find meaning in anything","Thank you for sharing. Your honesty is a strength, and you're taking important steps toward healing."
"Sad / Down: I can't seem to shake this feeling","Your feelings deserve to be acknowledged. You're doing the best you can with what you have right now."
"Sad / Down: I feel like giving up, and it's getting harder each day. Please help me understand this","I understand that you're going through a tough time. Please be kind to yourself as you work through these feelings."
"Sad / Down: I feel broken inside. I feel like I'm failing everyone","I understand that you're struggling. Remember that it's okay to take things slowly and be gentle with yourself."
"Sad / Down: I'm tired of pretending I'm okay, and it's getting harder each day","Thank you for sharing. Your honesty is a strength, and you're taking important steps toward healing."
"Sad / Down: I feel like I'm not enough, and I'm running out of energy","What you're feeling is valid. Please remember that difficult feelings pass, even when they feel permanent."
"Sad / Down: I feel so heavy and sad. It feels never-ending","Thank you for sharing how you feel. Remember that seeking support is a sign of strength, not weakness."
"Sad / Down: Everything feels pointless. I just want to feel okay again","I hear you, and I want you to know that your feelings won't last forever, even though they feel overwhelming now."
"Sad / Down: I'm so exhausted emotionally","I understand that everything feels difficult right now. Please remember to show yourself compassion."
"Sad / Down: I'm so tired of feeling this way","I'm here for you. What you're experiencing is difficult, but you have the strength to get through this."
"Sad / Down: I can't seem to find joy in anything anymore","Thank you for sharing how you're feeling. What you're going through sounds really difficult, and it takes courage to acknowledge these emotions."
"Sad / Down: Nothing seems to be going right, but I don't know where to turn","I hear you, and I want you to know that feeling down doesn't make you a burden. You matter."
"Sad / Down: I can't seem to find joy in anything anymore, and it's affecting everything in my life","I understand that things feel overwhelming. Remember to breathe and take things one moment at a time."
"Sad / Down: I feel stuck in this sadness","I acknowledge your pain and want you to know that it's okay to take things one moment at a time."
"Sad / Down: I'm having trouble seeing the good in anything, but I don't know where to turn","Your feelings matter, and it's important that you're expressing them instead of bottling them up."
"Sad / Down: I feel like giving up on everything, and it's getting harder each day. I need support","What you're going through sounds really hard. Remember that you don't have to face this alone."
"Sad / Down: I'm tired of pretending I'm okay","It's okay to not be okay. What you're feeling is a natural human experience, and you deserve compassion and understanding."
"Sad / Down: I'm struggling to find meaning in anything, but I'm trying my best","I hear the struggle in your words. Please remember that you're worthy of compassion, especially from yourself."
"Sad / Down: I'm tired of pretending I'm okay. I miss feeling like myself","I'm here with you. What you're feeling is valid, and you don't have to pretend to be okay."
"Sad / Down: I feel like I'm invisible. I can't remember the last time I felt happy","I'm sorry you're struggling. Remember that it's okay to ask for support when you need it."
"Sad / Down: I'm so disappointed in myself. I'm trying to stay strong but it's hard","Your emotions are real and valid. Please know that feeling sad is a natural part of the human experience."
"Sad / Down: I don't feel like myself anymore. I feel like I'm failing everyone","Thank you for trusting yourself enough to express these feelings. That's an important act of self-care."
"Sad / Down: I'm so tired of feeling this way, and it's getting harder each day","Thank you for sharing. Your honesty takes strength, and you're taking an important step toward healing."
"Sad / Down: I'm struggling with my self-worth, and it's getting harder each day","I hear the weight of what you're carrying. Please remember that it's okay to set down that burden sometimes."
"Sad / Down: I feel like I'm drowning in sadness. I'm scared it will always be like this","Thank you for sharing. Your honesty takes strength, and you're taking an important step toward healing."
"Sad / Down: Nothing makes me happy anymore. I'm trying to stay strong but it's hard","I hear you, and I want you to know that it's okay to feel sad. Your emotions are valid."
"Sad / Down: I'm so disappointed in myself. I don't want to burden anyone with this","I hear the weight of what you're carrying. Please remember that it's okay to set down that burden sometimes."
"Sad / Down: I'm feeling really low today, and I'm exhausted from pretending","Thank you for being honest about your feelings. That takes courage, and you should be proud of yourself."
"Sad / Down: I feel like I'm not enough, but nobody can see how much I'm hurting","What you're feeling is valid. Please remember that difficult feelings pass, even when they feel permanent."
"Sad / Down: I feel abandoned","I understand that everything feels difficult right now. Please remember to show yourself compassion."
"Sad / Down: I'm so exhausted emotionally, and it's affecting everything in my life. It feels never-ending","Your feelings are important and deserve to be heard. You're taking a brave step by acknowledging them."
"Sad / Down: I can't seem to find joy in anything anymore, and I'm running out of energy","I'm sorry you're experiencing this. Please know that these feelings are temporary, even though they feel overwhelming right now."
"Sad / Down: I'm having a really hard time. It feels never-ending","Thank you for sharing how you feel. Remember that seeking support is a sign of strength, not weakness."
"Sad / Down: I feel like I'm not good enough","I understand that you're struggling. Remember that it's okay to take things slowly and be gentle with yourself."
"Sad / Down: I can't stop crying today, and I'm exhausted from pretending. I need support","What you're experiencing is valid. Remember that feeling sad doesn't define who you are."
"Sad / Down: I feel so alone today","I'm here for you. What you're experiencing is difficult, but you have the strength to get through this."
"Sad / Down: I feel like I'm not enough","I hear you, and I want you to know that feeling this way doesn't make you weak. It makes you human."
"Sad / Down: I feel like I'm drowning in sadness, and it's affecting everything in my life","I hear you, and I want you to know that your feelings won't define your future. This is just a moment in time."
"Sad / Down: I'm feeling really low today. I'm afraid to reach out for help. Please help me understand this","I understand that you're hurting. Please be patient with yourself as you navigate these difficult emotions."
"Sad / Down: I feel so defeated. I need support","I want you to know that your feelings are real and important. You don't have to go through this alone."
"Sad / Down: I'm so tired of feeling sad. Please help me understand this","Your feelings are understandable given what you're going through. Remember that healing isn't linear."
"Sad / Down: I'm carrying so much pain. I just need someone to understand","I hear the struggle in your words. Please remember that you're worthy of compassion, especially from yourself."
"Sad / Down: I feel so disconnected from everyone","I hear you, and I want you to know that your feelings won't last forever, even though they feel overwhelming now."
"Sad / Down: Everything feels overwhelming right now. I don't want to burden anyone with this","Thank you for sharing how you're feeling. What you're going through sounds really difficult, and it takes courage to acknowledge these emotions."
"Sad / Down: I feel numb to everything, but nobody can see how much I'm hurting. I need support","Thank you for being honest about your feelings. It's brave to face these emotions rather than push them away."
"Sad / Down: I feel hopeless about the future. I need support","Thank you for sharing how you're feeling. What you're going through sounds really difficult, and it takes courage to acknowledge these emotions."
"Sad / Down: Everything feels pointless. I can't remember the last time I felt happy","I understand that things feel overwhelming. Remember to breathe and take things one moment at a time."
"Sad / Down: I feel like I'm not enough. I'm scared it will always be like this","I understand that things feel overwhelming. Remember to breathe and take things one moment at a time."
"Sad / Down: I'm feeling really fragile today. Please help me understand this","I'm sorry things feel so difficult right now. Please know that you deserve support and understanding."
"Sad / Down: I don't feel like myself anymore","Your feelings are completely understandable. Remember that it's okay to not have all the answers right now."
"Sad / Down: I'm so disappointed in myself. It feels never-ending","I'm sorry things feel so heavy. Remember that you're not alone, and it's okay to reach out for support."
"Sad / Down: I feel like giving up on everything","Thank you for sharing how you feel. Remember that seeking support is a sign of strength, not weakness."
"Sad / Down: I'm losing motivation for everything. I feel like I'm failing everyone","I hear the pain in your words. Please remember that you're stronger than you know, even when you don't feel strong."
"Sad / Down: I'm so sad and don't know how to cope. I don't want to burden anyone with this","I understand that everything feels difficult right now. Please remember to show yourself compassion."
"Sad / Down: I feel so disconnected from everyone. I just need someone to understand. It feels never-ending","What you're experiencing is valid. Remember that feeling sad doesn't define who you are."
"Sad / Down: I'm struggling to find meaning in anything. I feel like I'm failing everyone","Thank you for being vulnerable. What you're feeling is part of being human, and you're not alone."
"Sad / Down: I feel hopeless about the future, but I keep putting on a brave face","I'm sorry you're feeling this way. Your emotions are valid, and it's okay to express them."
"Sad / Down: I feel like my world is falling apart","Thank you for trusting yourself enough to express these feelings. That's an important act of self-care."
"Sad / Down: I can't stop crying today","Your emotions are real and important. It's okay to take the time you need to process how you're feeling."
"Sad / Down: I feel like giving up on everything. I just want to feel okay again","I hear you, and I want you to know that feeling this way doesn't make you weak. It makes you human."
"Sad / Down: I feel like I'm drowning in sadness. I just want to feel okay again","Thank you for being honest about your feelings. It's brave to face these emotions rather than push them away."
"Sad / Down: I feel numb to everything","Thank you for sharing. Your honesty takes strength, and you're taking an important step toward healing."
"Sad / Down: I feel broken inside","I hear you, and I want you to know that feeling down doesn't make you a burden. You matter."
"Sad / Down: I feel so disconnected from everyone, and it's affecting everything in my life","I understand that you're hurting. Please be patient with yourself as you navigate these difficult emotions."
"Sad / Down: I'm so disappointed in myself. I just need someone to understand. Please help me understand this","Your feelings matter, and it's important that you're expressing them. You're taking an important step by acknowledging how you feel."
"Sad / Down: I can't find a reason to smile. I'm afraid to reach out for help","Thank you for being vulnerable. What you're feeling is part of being human, and you're not alone."
"Sad / Down: I feel so defeated. I need support","I understand that you're going through a tough time. Please be kind to yourself as you work through these feelings."
"Sad / Down: I feel like giving up. I don't want to burden anyone with this","I hear the pain in your words. Please remember that you're stronger than you know, even when you don't feel strong."
"Sad / Down: Everything feels pointless. I'm trying to stay strong but it's hard","Your feelings matter, and it's important that you're expressing them. You're taking an important step by acknowledging how you feel."
"Sad / Down: I feel like I'm invisible","I'm sorry things feel so heavy. Remember that you're not alone, and it's okay to reach out for support."
"Sad / Down: I feel like my world is falling apart, but I don't know where to turn","I'm here with you in this moment. Your emotions are valid, and it's okay to feel sad sometimes."
"Sad / Down: I feel like giving up, and I don't know how to move forward","I hear you, and I want you to know that your feelings won't last forever, even though they feel overwhelming now."
"Sad / Down: I feel stuck in this sadness. I just need someone to understand","I hear you, and your feelings are completely valid. It's okay to feel this way, and you're not alone in this experience."
"Sad / Down: Today was just too much for me to handle","I understand that you're hurting. Please be patient with yourself as you navigate these difficult emotions."
"Sad / Down: I'm so sad and don't know how to cope","Your feelings matter, and it's important that you're expressing them instead of bottling them up."
"Sad / Down: I'm having a really hard time. I wish I could just make it stop","I hear the exhaustion in your words. Please know that rest and self-compassion are not weaknesses."
"Sad / Down: I feel like giving up, and I'm exhausted from pretending","I hear you, and your feelings are completely valid. It's okay to feel this way, and you're not alone in this experience."
"Sad / Down: I feel so heavy and sad, but I keep putting on a brave face. Please help me understand this","I'm sorry things feel so heavy. Remember that you're not alone, and it's okay to reach out for support."
"Sad / Down: I feel like I'm drowning in sadness","Thank you for sharing. Your honesty takes strength, and you're taking an important step toward healing."
"Sad / Down: I don't see the point in trying anymore","I hear you, and I want you to know that feeling down doesn't make you a burden. You matter."
"Sad / Down: I feel so alone today. I just need someone to understand. I want to feel better","What you're going through sounds really hard. Remember that you don't have to face this alone."
"Sad / Down: I can't seem to find joy in anything anymore. I'm scared it will always be like this","I hear the exhaustion in your words. Please know that rest and self-compassion are not weaknesses."
"Sad / Down: Everything feels overwhelming right now. I need support","I'm sorry you're experiencing this. Please know that these feelings are temporary, even though they feel overwhelming right now."
"Sad / Down: I feel like I'm failing at everything, and I'm exhausted from pretending","I understand that things feel heavy right now. Remember to be gentle with yourself during this difficult time."
"Sad / Down: I feel broken inside. I'm scared it will always be like this","Thank you for sharing. Your honesty takes strength, and you're taking an important step toward healing."
"Sad / Down: I don't feel like myself anymore. I'm scared it will always be like this. Please help me understand this","It's okay to not be okay. What you're feeling is a natural human experience, and you deserve compassion and understanding."
"Sad / Down: I feel like a burden to everyone","I'm sorry you're experiencing this. Please know that these feelings are temporary, even though they feel overwhelming right now."
"Sad / Down: I feel broken inside, but nobody can see how much I'm hurting","Your emotions are real and important. It's okay to take the time you need to process how you're feeling."
"Sad / Down: I'm so tired of feeling this way. I wish I could just make it stop","Your feelings are completely understandable. Remember that it's okay to not have all the answers right now."
"Sad / Down: I feel like my world is falling apart. I'm afraid to reach out for help","I hear the exhaustion in your words. Please know that rest and self-compassion are not weaknesses."
"Sad / Down: I'm so sad and don't know how to cope. I just need someone to understand","Thank you for sharing how you're feeling. What you're going through sounds really difficult, and it takes courage to acknowledge these emotions."
"Sad / Down: I feel like I'm failing at everything, but I'm trying my best","Thank you for sharing. Your honesty is a strength, and you're taking important steps toward healing."
"Sad / Down: I'm losing motivation for everything. I can't remember the last time I felt happy","I hear you, and I want you to know that feeling this way doesn't make you weak. It makes you human."
"Sad / Down: I feel like I'm not good enough, but I don't know where to turn. Please help me understand this","Your feelings matter, and it's important that you're expressing them. You're taking an important step by acknowledging how you feel."
"Sad / Down: Nothing makes me happy anymore, and it's getting harder each day. I need support","Thank you for being honest about your feelings. It's brave to face these emotions rather than push them away."
"Sad / Down: I'm so sad and don't know how to cope. I just want to feel okay again","Thank you for sharing. Your honesty takes strength, and you're taking an important step toward healing."
"Sad / Down: I'm so exhausted emotionally. I want to feel better","I hear you, and I want you to know that your feelings won't last forever, even though they feel overwhelming now."
"Sad / Down: I feel like my world is falling apart, but I'm trying my best. Please help me understand this","Thank you for being honest about your feelings. It's brave to face these emotions rather than push them away."
"Sad / Down: I'm feeling really fragile today. I want to feel better","What you're feeling is valid. Please remember that difficult feelings pass, even when they feel permanent."
"Sad / Down: I'm so tired of feeling sad. I feel like I'm failing everyone","I hear you, and I want you to know that feeling down doesn't make you a burden. You matter."
"Sad / Down: I feel like I'm invisible","What you're experiencing is valid. Remember that feeling sad doesn't define who you are."
"Sad / Down: Everything feels pointless, and it's getting harder each day","I understand that things feel heavy right now. Remember to be gentle with yourself during this difficult time."
"Sad / Down: I feel like my world is falling apart, and I don't know how to move forward","I acknowledge your pain and want you to know that it's okay to take things one moment at a time."
"Sad / Down: I feel lost and don't know what to do. I just need someone to understand. I need support","I understand that things feel overwhelming. Remember to breathe and take things one moment at a time."
"Sad / Down: I feel like nobody understands me, and I'm exhausted from pretending","I hear you, and I want you to know that your feelings won't define your future. This is just a moment in time."
"Sad / Down: I feel like I'm failing at everything. I can't remember the last time I felt happy","I'm here for you. What you're experiencing is difficult, but you have the strength to get through this."
"Sad / Down: I'm feeling really vulnerable right now. I feel like I'm failing everyone","I hear the weight of what you're carrying. Please remember that it's okay to set down that burden sometimes."
"Sad / Down: I'm drowning in my own thoughts","Thank you for sharing. Your honesty is a strength, and you're taking important steps toward healing."
"Sad / Down: I'm feeling really down and don't know why","I'm sorry things feel so heavy. Remember that you're not alone, and it's okay to reach out for support."
"Sad / Down: I feel lost and don't know what to do. Please help me understand this","What you're experiencing is valid. Remember that feeling sad doesn't define who you are."
"Sad / Down: I'm so exhausted emotionally, and it's getting harder each day","I understand that you're going through a tough time. Please be kind to yourself as you work through these feelings."
"Sad / Down: I feel lost and don't know what to do, but I don't know where to turn. It feels never-ending","Thank you for trusting these feelings to words. You're stronger than you know, even in this moment."
"Sad / Down: I can't find a reason to smile. I miss feeling like myself","I'm sorry things feel so heavy. Remember that you're not alone, and it's okay to reach out for support."
"Sad / Down: I feel stuck in this sadness. I feel like I'm failing everyone","Thank you for sharing. Your honesty takes strength, and you're taking an important step toward healing."
"Sad / Down: I feel stuck in this sadness. I can't remember the last time I felt happy. I want to feel better","Thank you for trusting yourself enough to express these feelings. That's an important act of self-care."
"Sad / Down: I'm feeling really fragile today","Thank you for being vulnerable. What you're feeling is part of being human, and you're not alone."
"Sad / Down: I feel so disconnected from everyone, and I'm exhausted from pretending. Please help me understand this","I'm sorry things feel so difficult right now. Please know that you deserve support and understanding."
"Sad / Down: I'm so exhausted emotionally, but I don't know where to turn","Thank you for sharing how you feel. Remember that seeking support is a sign of strength, not weakness."
"Sad / Down: I'm so exhausted emotionally, but I'm trying my best","Thank you for sharing how you're feeling. What you're going through sounds really difficult, and it takes courage to acknowledge these emotions."
"Sad / Down: I'm feeling really down and don't know why. I feel like I'm failing everyone","I understand that things feel overwhelming. Remember to breathe and take things one moment at a time."
"Sad / Down: I feel like a burden to everyone. I can't remember the last time I felt happy","I want you to know that your feelings are real and important. You don't have to go through this alone."
"Sad / Down: I feel lost and don't know what to do","I hear you, and I want you to know that it's okay to feel sad. Your emotions are valid."
"Sad / Down: I'm having trouble seeing the good in anything","Your feelings deserve to be acknowledged. You're doing the best you can with what you have right now."
"Sad / Down: Everything feels pointless. Please help me understand this","Your feelings are important and deserve to be heard. You're taking a brave step by acknowledging them."
"Sad / Down: I feel empty inside","I'm here with you in this moment. Your emotions are valid, and it's okay to feel sad sometimes."
"Sad / Down: I'm drowning in my own thoughts, but I don't know where to turn","I want you to know that your feelings are real and important. You don't have to go through this alone."
"Sad / Down: I feel like I'm drowning in sadness, but I keep putting on a brave face","I hear the struggle in your words. Please remember that you're worthy of compassion, especially from yourself."
"Sad / Down: I feel abandoned","What you're experiencing sounds incredibly difficult. Please be patient with yourself as you navigate these feelings."
"Sad / Down: I feel so disconnected from everyone. I feel like I'm failing everyone","I want you to know that your feelings are real and important. You don't have to go through this alone."
"Sad / Down: I'm feeling really down and don't know why","I'm here with you in this moment. Your emotions are valid, and it's okay to feel sad sometimes."
"Sad / Down: I'm struggling to get through each day. I miss feeling like myself","I hear the pain in your words. Please remember that you're stronger than you know, even when you don't feel strong."
"Sad / Down: I'm struggling with my self-worth, and it's affecting everything in my life","Your feelings matter, and it's important that you're expressing them instead of bottling them up."
"Sad / Down: I feel like giving up on everything, and I'm running out of energy","I hear the struggle in your words. Please remember that you're worthy of compassion, especially from yourself."
"Sad / Down: I feel like giving up on everything. I just need someone to understand","I'm sorry things feel so difficult right now. Please know that you deserve support and understanding."
"Sad / Down: I feel abandoned, and it's getting harder each day. It feels never-ending","Thank you for being vulnerable. What you're feeling is part of being human, and you're not alone."
"Sad / Down: I feel so disconnected from everyone","Thank you for sharing how you're feeling. What you're going through sounds really difficult, and it takes courage to acknowledge these emotions."
"Sad / Down: I feel numb to everything, and it's affecting everything in my life. I want to feel better","I understand that things feel overwhelming. Remember to breathe and take things one moment at a time."
"Sad / Down: I feel numb to everything. I can't remember the last time I felt happy","Thank you for sharing how you feel. Remember that seeking support is a sign of strength, not weakness."
"Sad / Down: I'm so tired of feeling sad","Your feelings are completely understandable. Remember that it's okay to not have all the answers right now."
"Sad / Down: I feel stuck in this sadness. I need support","Your feelings matter, and it's important that you're expressing them instead of bottling them up."
"Sad / Down: I'm feeling really fragile today","I hear you, and I want you to know that it's okay to feel sad. Your emotions are valid."
"Sad / Down: I can't seem to find joy in anything anymore, and I'm running out of energy","I'm sorry you're struggling. Remember that it's okay to ask for support when you need it."
"Sad / Down: I'm feeling really low today, but nobody can see how much I'm hurting","What you're experiencing is valid. Remember that feeling sad doesn't define who you are."
"Sad / Down: I feel so alone today","It's okay to not be okay. What you're feeling is a natural human experience, and you deserve compassion and understanding."
"Sad / Down: I can't seem to find joy in anything anymore, and I don't know how to move forward. I want to feel better","I hear you, and I want you to know that it's okay to feel sad. Your emotions are valid."
"Sad / Down: I'm struggling with my self-worth. I'm trying to stay strong but it's hard","What you're going through sounds really hard. Remember that you don't have to face this alone."
"Sad / Down: I'm feeling really down and don't know why","I hear you, and I want you to know that your feelings won't last forever, even though they feel overwhelming now."
"Sad / Down: I feel numb to everything. I just want to feel okay again","I understand that everything feels heavy right now. Small steps are still progress, even when they don't feel like it."
"Sad / Down: I'm feeling really down and don't know why. I just want to feel okay again","What you're experiencing sounds incredibly difficult. Please be patient with yourself as you navigate these feelings."
"Sad / Down: I feel abandoned. I'm trying to stay strong but it's hard","I want you to know that your feelings are real and important. You don't have to go through this alone."
"Sad / Down: I feel hopeless about the future, but I don't know where to turn","I hear the pain you're experiencing. Please know that you deserve kindness and understanding."
"Sad / Down: I feel like giving up","Thank you for being vulnerable. What you're feeling is part of being human, and you're not alone."
"Sad / Down: I feel so heavy and sad, but nobody can see how much I'm hurting. I want to feel better","I understand that everything feels difficult right now. Please remember to show yourself compassion."
"Sad / Down: I can't seem to shake this feeling, and I'm exhausted from pretending. I need support","Thank you for sharing. Your honesty is a strength, and you're taking important steps toward healing."
"Sad / Down: Today was just too much for me to handle, and I'm exhausted from pretending","Thank you for sharing how you feel. Remember that seeking support is a sign of strength, not weakness."
"Sad / Down: Nothing makes me happy anymore","I understand that you're hurting. Please be patient with yourself as you navigate these difficult emotions."
"Sad / Down: I feel like I'm failing at everything. I'm afraid to reach out for help. I want to feel better","I'm sorry you're experiencing this. Please know that these feelings are temporary, even though they feel overwhelming right now."
"Sad / Down: I'm feeling really fragile today. I want to feel better","Thank you for trusting yourself enough to express these feelings. That's an important act of self-care."
"Sad / Down: I'm having a really hard time, but I don't know where to turn. Please help me understand this","Thank you for being honest about your feelings. That takes courage, and you should be proud of yourself."
"Sad / Down: I'm feeling really low today, and I'm exhausted from pretending","What you're experiencing is valid. Remember that feeling sad doesn't define who you are."
"Sad / Down: I'm so disappointed in myself, and it's affecting everything in my life","I hear the pain in your words. Please remember that you're stronger than you know, even when you don't feel strong."
"Sad / Down: I'm feeling really low today","I hear you, and I want you to know that your feelings won't last forever, even though they feel overwhelming now."
"Sad / Down: I feel like nobody understands me","What you're going through sounds really hard. Remember that you don't have to face this alone."
"Sad / Down: I don't see the point in trying anymore","I hear the struggle in your words. Please remember that you're worthy of compassion, especially from yourself."
"Sad / Down: I'm feeling really fragile today","I hear you, and I want you to know that your feelings won't last forever, even though they feel overwhelming now."
"Sad / Down: I feel stuck in this sadness, but I don't know where to turn","Thank you for sharing. Your honesty is a strength, and you're taking important steps toward healing."
"Sad / Down: I'm so tired of feeling sad. I'm scared it will always be like this. It feels never-ending","Thank you for being honest about your feelings. It's brave to face these emotions rather than push them away."
"Sad / Down: I feel like I'm not good enough. I just need someone to understand. I need support","I understand that you're hurting. Please be patient with yourself as you navigate these difficult emotions."
"Sad / Down: I can't seem to shake this feeling, but I keep putting on a brave face","Thank you for being honest about your feelings. That takes courage, and you should be proud of yourself."
"Sad / Down: I'm tired of pretending I'm okay, but I keep putting on a brave face","Your feelings are completely understandable. Remember that it's okay to not have all the answers right now."
"Sad / Down: I'm feeling really low today. I feel like I'm failing everyone","I acknowledge your pain and want you to know that it's okay to take things one moment at a time."
"Sad / Down: I can't find a reason to smile. I miss feeling like myself","Thank you for being vulnerable. What you're feeling is part of being human, and you're not alone."
"Sad / Down: I feel like I'm failing at everything. I miss feeling like myself. Please help me understand this","I'm here for you. What you're experiencing is difficult, but you have the strength to get through this."
"Sad / Down: Nothing seems to be going right. I miss feeling like myself","I hear you, and I want you to know that your feelings won't last forever, even though they feel overwhelming now."
"Sad / Down: I'm struggling to find meaning in anything. I wish I could just make it stop","Your feelings deserve to be acknowledged. You're doing the best you can with what you have right now."
"Sad / Down: I feel like I'm not good enough","I hear the pain you're experiencing. Please know that you deserve kindness and understanding."
"Sad / Down: I'm having a really hard time, but I keep putting on a brave face","I understand that you're going through a tough time. Please be kind to yourself as you work through these feelings."
"Sad / Down: I feel like giving up. I don't want to burden anyone with this","Your feelings are understandable given what you're going through. Remember that healing isn't linear."
"Sad / Down: Everything feels overwhelming right now","I hear you, and I want you to know that it's okay to feel sad. Your emotions are valid."
"Sad / Down: I feel broken inside","What you're experiencing sounds incredibly difficult. Please be patient with yourself as you navigate these feelings."
"Sad / Down: I feel hopeless about the future","I understand that everything feels difficult right now. Please remember to show yourself compassion."
"Sad / Down: I feel like I'm not good enough, and I don't know how to move forward","What you're experiencing is valid. Remember that feeling sad doesn't define who you are."
"Sad / Down: I'm losing motivation for everything","Your emotions are real and important. It's okay to take the time you need to process how you're feeling."
"Sad / Down: I'm feeling really vulnerable right now","What you're feeling is valid. Please remember that difficult feelings pass, even when they feel permanent."
"Sad / Down: Everything feels pointless. I'm scared it will always be like this","I hear you, and I want you to know that your feelings won't last forever, even though they feel overwhelming now."
"Sad / Down: I feel like nobody understands me","Your feelings are important and deserve to be heard. You're taking a brave step by acknowledging them."
"Sad / Down: I'm so tired of feeling sad, but I don't know where to turn. I want to feel better","I hear you, and I want you to know that your feelings won't last forever, even though they feel overwhelming now."
"Sad / Down: I feel like I'm invisible. I'm trying to stay strong but it's hard","Your feelings are completely understandable. Remember that it's okay to not have all the answers right now."
"Sad / Down: I feel so alone today. I need support","I hear you, and I want you to know that feeling this way doesn't make you weak. It makes you human."
"Sad / Down: I'm having trouble seeing the good in anything. I don't want to burden anyone with this","What you're experiencing is valid. Remember that feeling sad doesn't define who you are."
"Sad / Down: Everything feels pointless, and I'm running out of energy","I'm here with you. What you're feeling is valid, and you don't have to pretend to be okay."
"Sad / Down: I feel hopeless about the future, and it's getting harder each day","Your feelings are important and deserve to be heard. You're taking a brave step by acknowledging them."
"Sad / Down: I'm so sad and don't know how to cope. Please help me understand this","Your emotions are real and valid. Please know that feeling sad is a natural part of the human experience."
"Sad / Down: I'm feeling really fragile today. I want to feel better","I understand that everything feels difficult right now. Please remember to show yourself compassion."
"Sad / Down: I feel like a burden to everyone","I understand that things feel heavy right now. Remember to be gentle with yourself during this difficult time."
"Sad / Down: I'm so sad and don't know how to cope. I just want to feel okay again. I need support","Your emotions are real and valid. Please know that feeling sad is a natural part of the human experience."
"Sad / Down: I'm having a really hard time","What you're going through sounds really hard. Remember that you don't have to face this alone."
"Sad / Down: I feel so disconnected from everyone. I just need someone to understand","I understand that you're struggling. Remember that it's okay to take things slowly and be gentle with yourself."
"Sad / Down: I can't seem to shake this feeling","Thank you for trusting these feelings to words. You're stronger than you know, even in this moment."
"Sad / Down: I'm struggling to find meaning in anything. I can't remember the last time I felt happy","I hear you, and I want you to know that feeling down doesn't make you a burden. You matter."
"Sad / Down: I can't find a reason to smile","I'm here for you. What you're experiencing is difficult, but you have the strength to get through this."
"Sad / Down: I feel broken inside","Thank you for sharing. Your honesty takes strength, and you're taking an important step toward healing."
"Sad / Down: I'm so exhausted emotionally, but I keep putting on a brave face. Please help me understand this","I hear you, and your feelings are completely valid. It's okay to feel this way, and you're not alone in this experience."
"Sad / Down: I'm feeling really fragile today","Your feelings matter, and it's important that you're expressing them instead of bottling them up."
"Sad / Down: I feel like I'm not good enough","I understand that you're going through a tough time. Please be kind to yourself as you work through these feelings."
"Sad / Down: I feel like my world is falling apart. I miss feeling like myself","Thank you for trusting yourself enough to express these feelings. That's an important act of self-care."
"Sad / Down: I feel abandoned. I just want to feel okay again","Thank you for being vulnerable. What you're feeling is part of being human, and you're not alone."
"Sad / Down: I'm struggling to find meaning in anything","I understand that everything feels difficult right now. Please remember to show yourself compassion."
"Sad / Down: I'm drowning in my own thoughts, but I'm trying my best","I hear the pain in your words. Please remember that you're stronger than you know, even when you don't feel strong."
"Sad / Down: Nothing makes me happy anymore. I just want to feel okay again","I'm sorry things feel so heavy. Remember that you're not alone, and it's okay to reach out for support."
"Sad / Down: I feel lost and don't know what to do, but I don't know where to turn","I want you to know that your feelings are real and important. You don't have to go through this alone."
"Sad / Down: I'm feeling really down and don't know why, and I'm running out of energy. Please help me understand this","Thank you for trusting yourself enough to express these feelings. That's an important act of self-care."
"Sad / Down: I feel like a burden to everyone","Thank you for being vulnerable. What you're feeling is part of being human, and you're not alone."
"Sad / Down: I feel hopeless about the future. I want to feel better","I'm sorry things feel so difficult right now. Please know that you deserve support and understanding."
"Sad / Down: I feel abandoned","I hear you, and I want you to know that your feelings won't last forever, even though they feel overwhelming now."
"Sad / Down: I feel broken inside","I understand that things feel heavy right now. Remember to be gentle with yourself during this difficult time."
"Sad / Down: I'm tired of pretending I'm okay. I wish I could just make it stop","Your feelings are important and deserve to be heard. You're taking a brave step by acknowledging them."
"Sad / Down: I'm so tired of feeling sad. I don't want to burden anyone with this. I want to feel better","Thank you for sharing how you're feeling. What you're going through sounds really difficult, and it takes courage to acknowledge these emotions."
"Sad / Down: I feel lost and don't know what to do, but nobody can see how much I'm hurting. I need support","I'm sorry things feel so difficult right now. Please know that you deserve support and understanding."
"Sad / Down: I'm so disappointed in myself","I hear you, and I want you to know that your feelings won't last forever, even though they feel overwhelming now."
"Sad / Down: I feel like I'm drowning in sadness","I understand that things feel heavy right now. Remember to be gentle with yourself during this difficult time."
"Sad / Down: I'm so tired of feeling this way, and I'm running out of energy","Your feelings matter, and it's important that you're expressing them instead of bottling them up."
"Sad / Down: I'm losing motivation for everything. I'm afraid to reach out for help. Please help me understand this","Your emotions are real and valid. Please know that feeling sad is a natural part of the human experience."
"Sad / Down: I can't seem to find joy in anything anymore. I'm afraid to reach out for help","I hear you, and I want you to know that it's okay to feel sad. Your emotions are valid."
"Sad / Down: I feel so alone today","I understand that you're hurting. Please be patient with yourself as you navigate these difficult emotions."
"Sad / Down: I feel so alone today","Thank you for sharing how you feel. Remember that seeking support is a sign of strength, not weakness."
"Sad / Down: I feel lost and don't know what to do, but I'm trying my best","I'm here for you. What you're experiencing is difficult, but you have the strength to get through this."
"Sad / Down: I feel like my world is falling apart. I need support","I'm sorry things feel so heavy. Remember that you're not alone, and it's okay to reach out for support."
"Sad / Down: I'm having trouble seeing the good in anything, but I don't know where to turn","Your feelings are important and deserve to be heard. You're taking a brave step by acknowledging them."
"Sad / Down: I'm having a really hard time","I hear you, and I want you to know that it's okay to feel sad. Your emotions are valid."
"Sad / Down: I'm feeling really vulnerable right now","I acknowledge your pain and want you to know that it's okay to take things one moment at a time."
"Sad / Down: I feel like I'm invisible. I don't want to burden anyone with this. Please help me understand this","I'm sorry you're feeling this way. Your emotions are valid, and it's okay to express them."
"Sad / Down: I feel like I'm failing at everything, but I don't know where to turn","I understand that you're going through a tough time. Please be kind to yourself as you work through these feelings."
"Sad / Down: I'm having trouble seeing the good in anything. I'm trying to stay strong but it's hard","I'm sorry you're struggling. Remember that it's okay to ask for support when you need it."
"Sad / Down: I feel so heavy and sad","I understand that you're hurting. Please be patient with yourself as you navigate these difficult emotions."
"Sad / Down: I feel like I'm not good enough","I hear you, and your feelings are completely valid. It's okay to feel this way, and you're not alone in this experience."
"Sad / Down: I can't stop crying today","I hear you, and I want you to know that your feelings won't last forever, even though they feel overwhelming now."
"Sad / Down: I'm so disappointed in myself","Your feelings matter, and it's important that you're expressing them instead of bottling them up."
"Sad / Down: I feel so defeated. I just need someone to understand","I hear you, and I want you to know that feeling down doesn't make you a burden. You matter."
"Sad / Down: I feel like I'm invisible","Your feelings are understandable given what you're going through. Remember that healing isn't linear."
"Sad / Down: I feel stuck in this sadness. I just want to feel okay again","I'm here with you in this moment. Your emotions are valid, and it's okay to feel sad sometimes."
"Sad / Down: I feel like giving up on everything, but nobody can see how much I'm hurting","Thank you for trusting these feelings to words. You're stronger than you know, even in this moment."
"Sad / Down: I'm feeling really vulnerable right now. I wish I could just make it stop","I understand that you're hurting. Please be patient with yourself as you navigate these difficult emotions."
"Sad / Down: I can't seem to find joy in anything anymore. I wish I could just make it stop","I understand that things feel heavy right now. Remember to be gentle with yourself during this difficult time."
"Sad / Down: I feel like a burden to everyone, and I don't know how to move forward","Thank you for trusting yourself enough to express these feelings. That's an important act of self-care."
"Sad / Down: I feel lost and don't know what to do","I understand that you're hurting. Please be patient with yourself as you navigate these difficult emotions."
"Sad / Down: I feel stuck in this sadness. I feel like I'm failing everyone","What you're going through sounds really hard. Remember that you don't have to face this alone."
"Sad / Down: I'm having a really hard time. Nobody seems to understand what I'm going through","Your emotions are real and important. It's okay to take the time you need to process how you're feeling."
"Sad / Down: I'm so disappointed in myself. I feel like I'm failing everyone. It feels never-ending","I hear the pain you're experiencing. Please know that you deserve kindness and understanding."
"Sad / Down: I'm having trouble seeing the good in anything","Thank you for sharing how you feel. Remember that seeking support is a sign of strength, not weakness."
"Sad / Down: I'm feeling really low today, but I don't know where to turn","I hear you, and I want you to know that your feelings won't last forever, even though they feel overwhelming now."
"Sad / Down: Nothing seems to be going right, but I keep putting on a brave face","I'm sorry things feel so heavy. Remember that you're not alone, and it's okay to reach out for support."
"Sad / Down: I feel like I'm not good enough. I can't remember the last time I felt happy","Thank you for sharing. Your honesty is a strength, and you're taking important steps toward healing."
"Sad / Down: I feel so disconnected from everyone, but I'm trying my best","I want you to know that your feelings are real and important. You don't have to go through this alone."
"Sad / Down: I'm so tired of feeling this way","I understand that everything feels heavy right now. Small steps are still progress, even when they don't feel like it."
"Sad / Down: I'm having trouble seeing the good in anything. I wish I could just make it stop. It feels never-ending","It's okay to not be okay. What you're feeling is a natural human experience, and you deserve compassion and understanding."
"Sad / Down: I feel abandoned. I don't want to burden anyone with this","I'm sorry you're struggling. Remember that it's okay to ask for support when you need it."
"Sad / Down: I'm so tired of feeling this way","I hear you, and I want you to know that feeling down doesn't make you a burden. You matter."
"Sad / Down: I'm struggling to get through each day. I want to feel better","I hear you, and I want you to know that feeling down doesn't make you a burden. You matter."
"Sad / Down: I'm feeling really low today, but I keep putting on a brave face","Thank you for sharing how you feel. Remember that seeking support is a sign of strength, not weakness."
"Sad / Down: I feel like my world is falling apart","I hear you, and I want you to know that your feelings won't last forever, even though they feel overwhelming now."
"Sad / Down: I'm drowning in my own thoughts, but nobody can see how much I'm hurting","Thank you for trusting yourself enough to express these feelings. That's an important act of self-care."
"Sad / Down: I feel like I'm failing at everything. It feels never-ending","Thank you for sharing how you feel. Remember that seeking support is a sign of strength, not weakness."
"Sad / Down: I feel like a burden to everyone. I can't remember the last time I felt happy. It feels never-ending","Your feelings deserve to be acknowledged. You're doing the best you can with what you have right now."
"Sad / Down: Nothing makes me happy anymore","Thank you for being honest about your feelings. It's brave to face these emotions rather than push them away."
"Sad / Down: Everything feels overwhelming right now","Thank you for being vulnerable. What you're feeling is part of being human, and you're not alone."
"Sad / Down: I'm having a really hard time. I'm afraid to reach out for help. It feels never-ending","Thank you for being honest about your feelings. It's brave to face these emotions rather than push them away."
"Sad / Down: I feel broken inside","Thank you for sharing how you're feeling. What you're going through sounds really difficult, and it takes courage to acknowledge these emotions."
"Sad / Down: I can't seem to find joy in anything anymore","I want you to know that your feelings are real and important. You don't have to go through this alone."
"Sad / Down: I'm having a really hard time, but nobody can see how much I'm hurting","Your emotions are real and important. It's okay to take the time you need to process how you're feeling."
"Sad / Down: I'm feeling really vulnerable right now","Your feelings are understandable given what you're going through. Remember that healing isn't linear."
"Sad / Down: I can't seem to find joy in anything anymore","Thank you for sharing how you're feeling. What you're going through sounds really difficult, and it takes courage to acknowledge these emotions."
"Sad / Down: I'm drowning in my own thoughts, and I'm exhausted from pretending","I hear the pain in your words. Please remember that you're stronger than you know, even when you don't feel strong."
"Sad / Down: Nothing makes me happy anymore","I understand that things feel overwhelming. Remember to breathe and take things one moment at a time."
"Sad / Down: I feel stuck in this sadness","I understand that things feel heavy right now. Remember to be gentle with yourself during this difficult time."
"Sad / Down: I'm so tired of feeling this way, but nobody can see how much I'm hurting","I hear the pain you're experiencing. Please know that you deserve kindness and understanding."
"Sad / Down: Everything feels overwhelming right now","I'm sorry things feel so heavy. Remember that you're not alone, and it's okay to reach out for support."
"Sad / Down: I feel so disconnected from everyone, and I don't know how to move forward","I hear the pain in your words. Please remember that you're stronger than you know, even when you don't feel strong."
"Sad / Down: Today was just too much for me to handle, and I'm running out of energy","What you're going through sounds really hard. Remember that you don't have to face this alone."
"Sad / Down: I feel broken inside","Thank you for sharing. Your honesty is a strength, and you're taking important steps toward healing."
"Sad / Down: I don't feel like myself anymore, and I don't know how to move forward. It feels never-ending","I understand that things feel overwhelming. Remember to breathe and take things one moment at a time."
"Sad / Down: I'm drowning in my own thoughts. I just want to feel okay again","I hear you, and I want you to know that feeling this way doesn't make you weak. It makes you human."
"Sad / Down: I'm feeling really low today, but I'm trying my best","Thank you for being honest about your feelings. It's brave to face these emotions rather than push them away."
"Sad / Down: I feel so alone today, and I don't know how to move forward. Please help me understand this","Your feelings are understandable given what you're going through. Remember that healing isn't linear."
"Sad / Down: I feel empty inside, and it's getting harder each day","I understand that you're hurting. Please be patient with yourself as you navigate these difficult emotions."
"Sad / Down: I feel abandoned, and I'm exhausted from pretending","Thank you for trusting yourself enough to express these feelings. That's an important act of self-care."
"Sad / Down: I feel so heavy and sad, and I'm exhausted from pretending","I understand that you're struggling. Remember that it's okay to take things slowly and be gentle with yourself."
"Sad / Down: I feel stuck in this sadness, but I'm trying my best","What you're going through sounds really hard. Remember that you don't have to face this alone."
"Sad / Down: I'm drowning in my own thoughts. I want to feel better","I'm sorry you're experiencing this. Please know that these feelings are temporary, even though they feel overwhelming right now."
"Sad / Down: I'm feeling really down and don't know why","I understand that you're struggling. Remember that it's okay to take things slowly and be gentle with yourself."
"Sad / Down: I feel empty inside, but I'm trying my best. I need support","I understand that you're hurting. Please be patient with yourself as you navigate these difficult emotions."
"Sad / Down: I feel like I'm failing at everything. Nobody seems to understand what I'm going through","I hear the weight of what you're carrying. Please remember that it's okay to set down that burden sometimes."
"Sad / Down: I feel numb to everything","I'm sorry you're feeling this way. Your emotions are valid, and it's okay to express them."
"Sad / Down: I feel so defeated","I understand that everything feels difficult right now. Please remember to show yourself compassion."
"Sad / Down: I'm feeling really vulnerable right now. I need support","I hear the pain in your words. Please remember that you're stronger than you know, even when you don't feel strong."
"Sad / Down: I'm carrying so much pain","I understand that things feel overwhelming. Remember to breathe and take things one moment at a time."
"Sad / Down: I'm feeling really down and don't know why, but I'm trying my best","Your emotions are real and important. It's okay to take the time you need to process how you're feeling."
"Sad / Down: I feel abandoned. It feels never-ending","I'm sorry you're struggling. Remember that it's okay to ask for support when you need it."
"Sad / Down: I'm so sad and don't know how to cope. I just want to feel okay again","I hear the exhaustion in your words. Please know that rest and self-compassion are not weaknesses."
"Sad / Down: Everything feels pointless, and I'm exhausted from pretending","Your emotions are real and valid. Please know that feeling sad is a natural part of the human experience."
"Sad / Down: I'm so sad and don't know how to cope","Thank you for sharing. Your honesty takes strength, and you're taking an important step toward healing."
"Sad / Down: I can't find a reason to smile","I hear you, and I want you to know that your feelings won't define your future. This is just a moment in time."
"Sad / Down: I feel abandoned","It's okay to not be okay. What you're feeling is a natural human experience, and you deserve compassion and understanding."
"Sad / Down: I feel stuck in this sadness, but I keep putting on a brave face","I hear the exhaustion in your words. Please know that rest and self-compassion are not weaknesses."
"Sad / Down: I'm having a really hard time","I understand that things feel heavy right now. Remember to be gentle with yourself during this difficult time."
"Sad / Down: I'm having a really hard time. I'm afraid to reach out for help","I hear you, and I want you to know that your feelings won't last forever, even though they feel overwhelming now."
"Sad / Down: I feel like my world is falling apart, and I'm exhausted from pretending","I understand that things feel overwhelming. Remember to breathe and take things one moment at a time."
"Sad / Down: I'm so disappointed in myself","I hear the pain you're experiencing. Please know that you deserve kindness and understanding."
"Sad / Down: I feel like a burden to everyone. I don't want to burden anyone with this","I hear the exhaustion in your words. Please know that rest and self-compassion are not weaknesses."
"Sad / Down: I'm struggling with my self-worth. I just need someone to understand","What you're experiencing is valid. Remember that feeling sad doesn't define who you are."
"Sad / Down: I feel lost and don't know what to do. I miss feeling like myself","What you're feeling is valid. Please remember that difficult feelings pass, even when they feel permanent."
"Sad / Down: I feel like I'm failing at everything","I'm here with you. What you're feeling is valid, and you don't have to pretend to be okay."
"Sad / Down: I'm so tired of feeling sad","I understand that you're struggling. Remember that it's okay to take things slowly and be gentle with yourself."
"Sad / Down: I feel like giving up on everything. I miss feeling like myself","I'm here with you in this moment. Your emotions are valid, and it's okay to feel sad sometimes."
"Sad / Down: I feel so alone today","I understand that everything feels difficult right now. Please remember to show yourself compassion."
"Sad / Down: I feel like I'm failing at everything, and it's affecting everything in my life","I'm here for you. What you're experiencing is difficult, but you have the strength to get through this."
"Sad / Down: I feel so defeated. Please help me understand this","I'm sorry things feel so heavy. Remember that you're not alone, and it's okay to reach out for support."
"Sad / Down: I don't feel like myself anymore, but I keep putting on a brave face","I'm here with you. What you're feeling is valid, and you don't have to pretend to be okay."
"Sad / Down: I don't see the point in trying anymore. It feels never-ending","I hear the pain in your words. Please remember that you're stronger than you know, even when you don't feel strong."
"Sad / Down: I can't find a reason to smile","Your feelings are important and deserve to be heard. You're taking a brave step by acknowledging them."
"Sad / Down: I feel like my world is falling apart, but nobody can see how much I'm hurting","Your feelings matter, and it's important that you're expressing them instead of bottling them up."
"Sad / Down: I feel abandoned. I can't remember the last time I felt happy. Please help me understand this","What you're feeling is valid. Please remember that difficult feelings pass, even when they feel permanent."
"Sad / Down: I feel like I'm drowning in sadness, and it's getting harder each day","I understand that things feel overwhelming. Remember to breathe and take things one moment at a time."
"Sad / Down: I'm so tired of feeling sad, and it's affecting everything in my life","What you're experiencing is valid. Remember that feeling sad doesn't define who you are."
"Sad / Down: I'm struggling to get through each day. I'm trying to stay strong but it's hard","Thank you for being vulnerable. What you're feeling is part of being human, and you're not alone."
"Sad / Down: I feel stuck in this sadness, and it's affecting everything in my life. It feels never-ending","I hear you, and I want you to know that feeling this way doesn't make you weak. It makes you human."
"Sad / Down: I feel numb to everything, and I'm exhausted from pretending. Please help me understand this","Thank you for sharing how you're feeling. What you're going through sounds really difficult, and it takes courage to acknowledge these emotions."
"Sad / Down: I feel stuck in this sadness. Please help me understand this","I understand that you're struggling. Remember that it's okay to take things slowly and be gentle with yourself."
"Sad / Down: I'm struggling with my self-worth. I'm scared it will always be like this. I need support","It's okay to not be okay. What you're feeling is a natural human experience, and you deserve compassion and understanding."
"Sad / Down: I'm so tired of feeling sad","What you're experiencing is valid. Remember that feeling sad doesn't define who you are."
"Sad / Down: Everything feels overwhelming right now, but I don't know where to turn","I understand that things feel heavy right now. Remember to be gentle with yourself during this difficult time."
"Sad / Down: I feel so alone today. I want to feel better","I understand that everything feels difficult right now. Please remember to show yourself compassion."
"Sad / Down: I can't seem to shake this feeling. I just need someone to understand","Your emotions are real and important. It's okay to take the time you need to process how you're feeling."
"Sad / Down: I feel like I'm not good enough","I hear the exhaustion in your words. Please know that rest and self-compassion are not weaknesses."
"Sad / Down: I feel so disconnected from everyone","I understand that things feel overwhelming. Remember to breathe and take things one moment at a time."
"Sad / Down: I feel like nobody understands me. I miss feeling like myself. I want to feel better","Your emotions are real and important. It's okay to take the time you need to process how you're feeling."
"Sad / Down: I'm having trouble seeing the good in anything","I hear the pain you're experiencing. Please know that you deserve kindness and understanding."
"Sad / Down: I feel like I'm failing at everything, and I don't know how to move forward","Your feelings matter, and it's important that you're expressing them instead of bottling them up."
"Sad / Down: I can't seem to find joy in anything anymore, but I'm trying my best","I hear you, and your feelings are completely valid. It's okay to feel this way, and you're not alone in this experience."
"Sad / Down: I'm so tired of feeling sad, and I'm exhausted from pretending. Please help me understand this","I'm sorry you're feeling this way. Your emotions are valid, and it's okay to express them."
"Sad / Down: I can't seem to find joy in anything anymore, and I don't know how to move forward. Please help me understand this","Thank you for being honest about your feelings. That takes courage, and you should be proud of yourself."
"Sad / Down: I feel like my world is falling apart, but I don't know where to turn","Your feelings matter, and it's important that you're expressing them instead of bottling them up."
"Sad / Down: I'm having a really hard time","I want you to know that your feelings are real and important. You don't have to go through this alone."
"Sad / Down: I'm so disappointed in myself","It's okay to not be okay. What you're feeling is a natural human experience, and you deserve compassion and understanding."
"Sad / Down: I'm struggling to get through each day. Nobody seems to understand what I'm going through","I'm sorry things feel so difficult right now. Please know that you deserve support and understanding."
"Sad / Down: I can't seem to shake this feeling","What you're experiencing sounds incredibly difficult. Please be patient with yourself as you navigate these feelings."
"Sad / Down: I'm having a really hard time. I can't remember the last time I felt happy","I hear the struggle in your words. Please remember that you're worthy of compassion, especially from yourself."
"Sad / Down: I can't find a reason to smile","Thank you for sharing. Your honesty is a strength, and you're taking important steps toward healing."
"Sad / Down: I feel numb to everything. I don't want to burden anyone with this","I understand that you're struggling. Remember that it's okay to take things slowly and be gentle with yourself."
"Sad / Down: I don't see the point in trying anymore. I'm scared it will always be like this","I hear you, and I want you to know that your feelings won't define your future. This is just a moment in time."
"Sad / Down: I feel broken inside","I'm sorry you're experiencing this. Please know that these feelings are temporary, even though they feel overwhelming right now."
"Sad / Down: Nothing seems to be going right","I hear you, and I want you to know that feeling down doesn't make you a burden. You matter."
"Sad / Down: I can't find a reason to smile, but nobody can see how much I'm hurting","Your feelings are understandable given what you're going through. Remember that healing isn't linear."
"Sad / Down: I'm tired of pretending I'm okay","I'm here with you in this moment. Your emotions are valid, and it's okay to feel sad sometimes."
"Sad / Down: I'm so tired of feeling sad, but I'm trying my best. I need support","I'm sorry you're struggling. Remember that it's okay to ask for support when you need it."
"Sad / Down: Everything feels overwhelming right now. I'm trying to stay strong but it's hard","I hear the pain in your words. Please remember that you're stronger than you know, even when you don't feel strong."
"Sad / Down: I feel like my world is falling apart","I'm here for you. What you're experiencing is difficult, but you have the strength to get through this."
"Sad / Down: I feel so defeated","What you're experiencing sounds incredibly difficult. Please be patient with yourself as you navigate these feelings."
"Sad / Down: I feel like I'm invisible. I'm scared it will always be like this. I want to feel better","I understand that you're struggling. Remember that it's okay to take things slowly and be gentle with yourself."
"Sad / Down: Nothing makes me happy anymore. I miss feeling like myself. It feels never-ending","I hear the exhaustion in your words. Please know that rest and self-compassion are not weaknesses."
"Sad / Down: I feel like giving up on everything. I feel like I'm failing everyone","What you're going through sounds really hard. Remember that you don't have to face this alone."
"Sad / Down: I feel broken inside. I just need someone to understand","What you're feeling is valid. Please remember that difficult feelings pass, even when they feel permanent."
"Sad / Down: I feel empty inside. I just need someone to understand. Please help me understand this","Thank you for sharing how you're feeling. What you're going through sounds really difficult, and it takes courage to acknowledge these emotions."
"Sad / Down: I'm so sad and don't know how to cope","I'm here with you in this moment. Your emotions are valid, and it's okay to feel sad sometimes."
"Sad / Down: I feel like I'm invisible, and it's affecting everything in my life","Thank you for being honest about your feelings. That takes courage, and you should be proud of yourself."
"Sad / Down: Nothing seems to be going right","I hear the pain in your words. Please remember that you're stronger than you know, even when you don't feel strong."
"Sad / Down: I'm losing motivation for everything, and I'm running out of energy","I hear the pain in your words. Please remember that you're stronger than you know, even when you don't feel strong."
"Sad / Down: I'm drowning in my own thoughts, but nobody can see how much I'm hurting","Your feelings are understandable given what you're going through. Remember that healing isn't linear."
"Sad / Down: I feel like giving up on everything. I can't remember the last time I felt happy","I hear the pain in your words. Please remember that you're stronger than you know, even when you don't feel strong."
"Sad / Down: I'm struggling to find meaning in anything, but nobody can see how much I'm hurting. Please help me understand this","It's okay to not be okay. What you're feeling is a natural human experience, and you deserve compassion and understanding."
"Sad / Down: I feel so disconnected from everyone. I miss feeling like myself","I hear you, and I want you to know that your feelings won't last forever, even though they feel overwhelming now."
"Sad / Down: I can't stop crying today. I feel like I'm failing everyone. I need support","I'm here with you in this moment. Your emotions are valid, and it's okay to feel sad sometimes."
"Sad / Down: I can't stop crying today, and it's affecting everything in my life","I understand that you're hurting. Please be patient with yourself as you navigate these difficult emotions."
"Sad / Down: I feel like a burden to everyone. I'm afraid to reach out for help. I want to feel better","Thank you for sharing. Your honesty takes strength, and you're taking an important step toward healing."
"Sad / Down: I'm feeling really vulnerable right now. I don't want to burden anyone with this","I hear the pain in your words. Please remember that you're stronger than you know, even when you don't feel strong."
"Sad / Down: I feel broken inside. Nobody seems to understand what I'm going through","I understand that things feel overwhelming. Remember to breathe and take things one moment at a time."
"Sad / Down: I feel like giving up on everything","Thank you for being vulnerable. What you're feeling is part of being human, and you're not alone."
"Sad / Down: I feel like I'm drowning in sadness. I want to feel better","I'm sorry things feel so difficult right now. Please know that you deserve support and understanding."
"Sad / Down: I don't feel like myself anymore. I feel like I'm failing everyone","Thank you for sharing how you're feeling. What you're going through sounds really difficult, and it takes courage to acknowledge these emotions."
"Sad / Down: I'm having trouble seeing the good in anything","Your feelings are important and deserve to be heard. You're taking a brave step by acknowledging them."
"Sad / Down: I feel like giving up. I just need someone to understand","Your feelings matter, and it's important that you're expressing them. You're taking an important step by acknowledging how you feel."
"Sad / Down: I feel so heavy and sad","What you're experiencing sounds incredibly difficult. Please be patient with yourself as you navigate these feelings."
"Sad / Down: I feel broken inside. I need support","I want you to know that your feelings are real and important. You don't have to go through this alone."
"Sad / Down: I feel empty inside. Nobody seems to understand what I'm going through","Your emotions are real and important. It's okay to take the time you need to process how you're feeling."
"Sad / Down: I'm having a really hard time. Please help me understand this","Thank you for sharing how you're feeling. What you're going through sounds really difficult, and it takes courage to acknowledge these emotions."
"Sad / Down: I feel broken inside. I'm scared it will always be like this","I'm sorry you're experiencing this. Please know that these feelings are temporary, even though they feel overwhelming right now."
"Sad / Down: I feel so defeated","Your emotions are real and important. It's okay to take the time you need to process how you're feeling."
"Sad / Down: I'm struggling to find meaning in anything, but I don't know where to turn","I understand that everything feels heavy right now. Small steps are still progress, even when they don't feel like it."
"Sad / Down: I feel so alone today. I don't want to burden anyone with this","I hear you, and I want you to know that feeling this way doesn't make you weak. It makes you human."
"Sad / Down: I feel like I'm invisible","I'm here with you in this moment. Your emotions are valid, and it's okay to feel sad sometimes."
"Sad / Down: I don't feel like myself anymore, and it's affecting everything in my life","Thank you for sharing. Your honesty takes strength, and you're taking an important step toward healing."
"Sad / Down: I feel like a burden to everyone. I can't remember the last time I felt happy","I want you to know that your feelings are real and important. You don't have to go through this alone."
"Sad / Down: I feel hopeless about the future. I wish I could just make it stop","What you're experiencing sounds incredibly difficult. Please be patient with yourself as you navigate these feelings."
"Sad / Down: I'm feeling really low today. I wish I could just make it stop. It feels never-ending","I want you to know that your feelings are real and important. You don't have to go through this alone."
"Sad / Down: I feel like giving up on everything. Please help me understand this","I hear you, and I want you to know that your feelings won't last forever, even though they feel overwhelming now."
"Sad / Down: I can't find a reason to smile. It feels never-ending","Thank you for sharing. Your honesty takes strength, and you're taking an important step toward healing."
"Sad / Down: I'm having a really hard time. I just want to feel okay again","I acknowledge your pain and want you to know that it's okay to take things one moment at a time."
"Sad / Down: I'm feeling really vulnerable right now, and I'm exhausted from pretending","I hear the pain you're experiencing. Please know that you deserve kindness and understanding."
"Sad / Down: I'm tired of pretending I'm okay. I just need someone to understand","I'm here with you. What you're feeling is valid, and you don't have to pretend to be okay."
"Sad / Down: I feel so heavy and sad, and I'm exhausted from pretending","I'm sorry you're experiencing this. Please know that these feelings are temporary, even though they feel overwhelming right now."
"Sad / Down: I feel like giving up. I don't want to burden anyone with this","I hear the exhaustion in your words. Please know that rest and self-compassion are not weaknesses."
"Sad / Down: I'm so tired of feeling sad","Thank you for sharing how you feel. Remember that seeking support is a sign of strength, not weakness."
"Sad / Down: I feel numb to everything. I wish I could just make it stop","Thank you for being vulnerable. What you're feeling is part of being human, and you're not alone."
"Sad / Down: I feel like giving up on everything, but nobody can see how much I'm hurting","I understand that you're hurting. Please be patient with yourself as you navigate these difficult emotions."
"Sad / Down: I can't seem to shake this feeling. I just need someone to understand. I need support","I'm here with you in this moment. Your emotions are valid, and it's okay to feel sad sometimes."
"Sad / Down: I'm so exhausted emotionally. I want to feel better","Thank you for sharing. Your honesty takes strength, and you're taking an important step toward healing."
"Sad / Down: I'm so exhausted emotionally. I just want to feel okay again","Your feelings matter, and it's important that you're expressing them instead of bottling them up."
"Sad / Down: I can't seem to shake this feeling","I understand that you're hurting. Please be patient with yourself as you navigate these difficult emotions."
"Sad / Down: I feel like I'm not good enough","Thank you for being vulnerable. What you're feeling is part of being human, and you're not alone."
"Sad / Down: I feel like I'm invisible, and it's getting harder each day","Thank you for trusting yourself enough to express these feelings. That's an important act of self-care."
"Sad / Down: I can't stop crying today, and it's affecting everything in my life. Please help me understand this","I hear the struggle in your words. Please remember that you're worthy of compassion, especially from yourself."
"Sad / Down: I'm having a really hard time","I hear the struggle in your words. Please remember that you're worthy of compassion, especially from yourself."
"Sad / Down: I'm struggling to find meaning in anything. Nobody seems to understand what I'm going through","I understand that you're struggling. Remember that it's okay to take things slowly and be gentle with yourself."
"Sad / Down: I feel like nobody understands me, but I keep putting on a brave face","I hear the exhaustion in your words. Please know that rest and self-compassion are not weaknesses."
"Sad / Down: I'm tired of pretending I'm okay. Please help me understand this","Thank you for sharing how you're feeling. What you're going through sounds really difficult, and it takes courage to acknowledge these emotions."
"Sad / Down: I feel hopeless about the future. I can't remember the last time I felt happy","Thank you for sharing how you're feeling. What you're going through sounds really difficult, and it takes courage to acknowledge these emotions."
"Sad / Down: I feel like I'm drowning in sadness","I'm sorry you're experiencing this. Please know that these feelings are temporary, even though they feel overwhelming right now."
"Sad / Down: I feel like I'm not enough","Your feelings matter, and it's important that you're expressing them. You're taking an important step by acknowledging how you feel."
"Sad / Down: I feel abandoned. I'm trying to stay strong but it's hard","Thank you for sharing how you feel. Remember that seeking support is a sign of strength, not weakness."
"Sad / Down: I feel like I'm failing at everything. Nobody seems to understand what I'm going through. Please help me understand this","I hear you, and your feelings are completely valid. It's okay to feel this way, and you're not alone in this experience."
"Sad / Down: Everything feels overwhelming right now, and it's affecting everything in my life","Your emotions are real and important. It's okay to take the time you need to process how you're feeling."
"Sad / Down: I feel like I'm not good enough, but I don't know where to turn","Your emotions are real and important. It's okay to take the time you need to process how you're feeling."
"Sad / Down: I feel lost and don't know what to do. I don't want to burden anyone with this","Your emotions are real and valid. Please know that feeling sad is a natural part of the human experience."
"Sad / Down: I'm feeling really down and don't know why","I understand that everything feels difficult right now. Please remember to show yourself compassion."
"Sad / Down: I feel like I'm failing at everything. I feel like I'm failing everyone","What you're experiencing is valid. Remember that feeling sad doesn't define who you are."
"Sad / Down: I feel like I'm drowning in sadness. I wish I could just make it stop. I need support","I hear you, and I want you to know that feeling down doesn't make you a burden. You matter."
"Sad / Down: I feel numb to everything, but I keep putting on a brave face","I'm sorry things feel so heavy. Remember that you're not alone, and it's okay to reach out for support."
"Sad / Down: I'm having a really hard time","I understand that you're struggling. Remember that it's okay to take things slowly and be gentle with yourself."
"Sad / Down: I don't see the point in trying anymore. I just want to feel okay again","I understand that you're hurting. Please be patient with yourself as you navigate these difficult emotions."
"Sad / Down: I'm struggling to get through each day. I don't want to burden anyone with this","Thank you for sharing. Your honesty takes strength, and you're taking an important step toward healing."
"Sad / Down: I can't find a reason to smile, but I don't know where to turn","I'm here with you. What you're feeling is valid, and you don't have to pretend to be okay."
"Sad / Down: I'm so sad and don't know how to cope, but I don't know where to turn","I understand that things feel overwhelming. Remember to breathe and take things one moment at a time."
"Sad / Down: I feel like I'm not enough, but nobody can see how much I'm hurting. I need support","I hear you, and I want you to know that it's okay to feel sad. Your emotions are valid."
"Sad / Down: I don't see the point in trying anymore. Nobody seems to understand what I'm going through. I need support","I'm sorry you're struggling. Remember that it's okay to ask for support when you need it."
"Sad / Down: I feel like I'm drowning in sadness, but I'm trying my best. I need support","I'm sorry things feel so heavy. Remember that you're not alone, and it's okay to reach out for support."
"Sad / Down: I don't see the point in trying anymore, and I'm exhausted from pretending. I need support","Your feelings are completely understandable. Remember that it's okay to not have all the answers right now."
"Sad / Down: I can't find a reason to smile. I just need someone to understand","I understand that you're struggling. Remember that it's okay to take things slowly and be gentle with yourself."
"Sad / Down: I'm feeling really vulnerable right now, but I don't know where to turn. I need support","Your feelings are understandable given what you're going through. Remember that healing isn't linear."
"Sad / Down: I feel so disconnected from everyone, and I'm running out of energy","Your feelings are completely understandable. Remember that it's okay to not have all the answers right now."
"Sad / Down: I feel numb to everything. Nobody seems to understand what I'm going through","I'm sorry things feel so difficult right now. Please know that you deserve support and understanding."
"Sad / Down: I'm so tired of feeling sad, and it's getting harder each day. I need support","What you're experiencing sounds incredibly difficult. Please be patient with yourself as you navigate these feelings."
"Sad / Down: I feel like giving up on everything. I just need someone to understand","I'm here with you in this moment. Your emotions are valid, and it's okay to feel sad sometimes."
"Sad / Down: I feel hopeless about the future, but I keep putting on a brave face. Please help me understand this","It's okay to not be okay. What you're feeling is a natural human experience, and you deserve compassion and understanding."
"Sad / Down: I feel stuck in this sadness, but I'm trying my best. Please help me understand this","Your feelings matter, and it's important that you're expressing them instead of bottling them up."
"Sad / Down: I'm struggling to get through each day. Nobody seems to understand what I'm going through","Your feelings matter, and it's important that you're expressing them instead of bottling them up."
"Sad / Down: I can't stop crying today. I just need someone to understand. I need support","I understand that you're going through a tough time. Please be kind to yourself as you work through these feelings."
"Sad / Down: I feel broken inside. I can't remember the last time I felt happy","I hear you, and I want you to know that feeling this way doesn't make you weak. It makes you human."
"Sad / Down: I feel like my world is falling apart","I want you to know that your feelings are real and important. You don't have to go through this alone."
"Sad / Down: Nothing seems to be going right. I'm afraid to reach out for help","What you're feeling is valid. Please remember that difficult feelings pass, even when they feel permanent."
"Sad / Down: I can't stop crying today. I'm scared it will always be like this","Thank you for sharing how you're feeling. What you're going through sounds really difficult, and it takes courage to acknowledge these emotions."
"Sad / Down: I'm having a really hard time","I hear the exhaustion in your words. Please know that rest and self-compassion are not weaknesses."
"Sad / Down: I'm struggling to get through each day. It feels never-ending","I understand that things feel heavy right now. Remember to be gentle with yourself during this difficult time."
"Sad / Down: I feel so alone today, but I keep putting on a brave face","I understand that you're struggling. Remember that it's okay to take things slowly and be gentle with yourself."
"Sad / Down: I feel so alone today","I hear the struggle in your words. Please remember that you're worthy of compassion, especially from yourself."
"Sad / Down: I'm so disappointed in myself. I'm scared it will always be like this","I'm here with you in this moment. Your emotions are valid, and it's okay to feel sad sometimes."
"Sad / Down: I feel like a burden to everyone, but I'm trying my best","I'm sorry you're struggling. Remember that it's okay to ask for support when you need it."
"Sad / Down: I'm struggling to get through each day, and I'm running out of energy","What you're going through sounds really hard. Remember that you don't have to face this alone."
"Sad / Down: I feel numb to everything. It feels never-ending","I hear you, and I want you to know that it's okay to feel sad. Your emotions are valid."
"Sad / Down: Everything feels pointless, and I'm exhausted from pretending","I understand that you're going through a tough time. Please be kind to yourself as you work through these feelings."
"Sad / Down: I'm having trouble seeing the good in anything. I wish I could just make it stop","What you're feeling is valid. Please remember that difficult feelings pass, even when they feel permanent."
"Sad / Down: I feel so alone today","Your feelings are important and deserve to be heard. You're taking a brave step by acknowledging them."
"Sad / Down: I feel broken inside. I'm afraid to reach out for help","Your emotions are real and important. It's okay to take the time you need to process how you're feeling."
"Sad / Down: I feel like nobody understands me","I'm sorry you're experiencing this. Please know that these feelings are temporary, even though they feel overwhelming right now."
"Sad / Down: I'm so tired of feeling this way. I can't remember the last time I felt happy","Thank you for trusting yourself enough to express these feelings. That's an important act of self-care."
"Sad / Down: I feel lost and don't know what to do, but I don't know where to turn","I hear the pain you're experiencing. Please know that you deserve kindness and understanding."
"Sad / Down: I can't stop crying today, but I'm trying my best","I understand that things feel overwhelming. Remember to breathe and take things one moment at a time."
"Sad / Down: I'm feeling really down and don't know why","I hear the exhaustion in your words. Please know that rest and self-compassion are not weaknesses."
"Sad / Down: I'm feeling really vulnerable right now. I don't want to burden anyone with this","Your feelings are understandable given what you're going through. Remember that healing isn't linear."
"Sad / Down: I feel like I'm not enough","Your emotions are real and valid. Please know that feeling sad is a natural part of the human experience."
"Sad / Down: I feel so defeated","Your feelings matter, and it's important that you're expressing them. You're taking an important step by acknowledging how you feel."
"Sad / Down: I feel so defeated. I miss feeling like myself","I hear you, and I want you to know that your feelings won't last forever, even though they feel overwhelming now."
"Sad / Down: Everything feels overwhelming right now","I hear you, and I want you to know that your feelings won't define your future. This is just a moment in time."
"Sad / Down: Today was just too much for me to handle, but I don't know where to turn","I'm here for you. What you're experiencing is difficult, but you have the strength to get through this."
"Sad / Down: I feel broken inside, but I don't know where to turn. I want to feel better","I understand that you're hurting. Please be patient with yourself as you navigate these difficult emotions."
"Sad / Down: I can't seem to shake this feeling. I miss feeling like myself. It feels never-ending","Your feelings are understandable given what you're going through. Remember that healing isn't linear."
"Sad / Down: I'm feeling really fragile today. I don't want to burden anyone with this. I want to feel better","Thank you for sharing. Your honesty takes strength, and you're taking an important step toward healing."
"Sad / Down: I feel abandoned. I can't remember the last time I felt happy. It feels never-ending","Thank you for sharing. Your honesty is a strength, and you're taking important steps toward healing."
"Sad / Down: I'm having a really hard time. I'm scared it will always be like this. I want to feel better","What you're feeling is valid. Please remember that difficult feelings pass, even when they feel permanent."
"Sad / Down: Today was just too much for me to handle, but I'm trying my best","I'm sorry you're experiencing this. Please know that these feelings are temporary, even though they feel overwhelming right now."
"Sad / Down: I feel broken inside","I understand that you're struggling. Remember that it's okay to take things slowly and be gentle with yourself."
"Sad / Down: I'm so exhausted emotionally. I'm afraid to reach out for help","I hear you, and I want you to know that your feelings won't last forever, even though they feel overwhelming now."
"Sad / Down: I'm so sad and don't know how to cope, and I'm running out of energy","I understand that you're struggling. Remember that it's okay to take things slowly and be gentle with yourself."
"Sad / Down: Nothing seems to be going right. I just want to feel okay again","Your emotions are real and important. It's okay to take the time you need to process how you're feeling."
"Sad / Down: I'm carrying so much pain. I need support","I'm here for you. What you're experiencing is difficult, but you have the strength to get through this."
"Sad / Down: I don't feel like myself anymore. I feel like I'm failing everyone","Thank you for sharing. Your honesty is a strength, and you're taking important steps toward healing."
"Sad / Down: I'm having a really hard time. I want to feel better","Thank you for trusting yourself enough to express these feelings. That's an important act of self-care."
"Sad / Down: I'm struggling to get through each day. I don't want to burden anyone with this","I'm sorry things feel so difficult right now. Please know that you deserve support and understanding."
"Sad / Down: I feel hopeless about the future","Your feelings are understandable given what you're going through. Remember that healing isn't linear."
"Sad / Down: I don't feel like myself anymore","Thank you for sharing. Your honesty is a strength, and you're taking important steps toward healing."
"Sad / Down: I feel like I'm not enough. I want to feel better","I'm sorry you're feeling this way. Your emotions are valid, and it's okay to express them."
"Sad / Down: I can't seem to find joy in anything anymore","I hear you, and I want you to know that feeling down doesn't make you a burden. You matter."
"Sad / Down: I feel so disconnected from everyone. I want to feel better","Thank you for sharing how you're feeling. What you're going through sounds really difficult, and it takes courage to acknowledge these emotions."
"Sad / Down: I'm so sad and don't know how to cope. Nobody seems to understand what I'm going through","I hear the weight of what you're carrying. Please remember that it's okay to set down that burden sometimes."
"Sad / Down: I can't find a reason to smile. I don't want to burden anyone with this","Your emotions are real and valid. Please know that feeling sad is a natural part of the human experience."
"Sad / Down: I'm having a really hard time","I hear the pain in your words. Please remember that you're stronger than you know, even when you don't feel strong."
"Sad / Down: I feel like nobody understands me","Your feelings matter, and it's important that you're expressing them. You're taking an important step by acknowledging how you feel."
"Sad / Down: I feel like I'm not enough. I feel like I'm failing everyone. Please help me understand this","I'm sorry you're struggling. Remember that it's okay to ask for support when you need it."
"Sad / Down: I'm struggling with my self-worth. I feel like I'm failing everyone","I hear the struggle in your words. Please remember that you're worthy of compassion, especially from yourself."
"Sad / Down: I'm feeling really fragile today","Thank you for sharing. Your honesty takes strength, and you're taking an important step toward healing."
"Sad / Down: I can't seem to shake this feeling, but I keep putting on a brave face","Thank you for sharing how you're feeling. What you're going through sounds really difficult, and it takes courage to acknowledge these emotions."
"Sad / Down: I feel like a burden to everyone. I can't remember the last time I felt happy. I want to feel better","I'm sorry you're feeling this way. Your emotions are valid, and it's okay to express them."
"Sad / Down: I don't feel like myself anymore, and I'm exhausted from pretending","What you're experiencing is valid. Remember that feeling sad doesn't define who you are."
"Sad / Down: I feel like a burden to everyone. I'm trying to stay strong but it's hard. I want to feel better","I hear you, and I want you to know that your feelings won't last forever, even though they feel overwhelming now."
"Sad / Down: I'm having trouble seeing the good in anything","I want you to know that your feelings are real and important. You don't have to go through this alone."
"Sad / Down: I'm feeling really low today. I want to feel better","I hear the weight of what you're carrying. Please remember that it's okay to set down that burden sometimes."
"Sad / Down: I feel like giving up, but I don't know where to turn","Thank you for sharing how you're feeling. What you're going through sounds really difficult, and it takes courage to acknowledge these emotions."
"Sad / Down: I feel like I'm failing at everything. Please help me understand this","Thank you for sharing. Your honesty takes strength, and you're taking an important step toward healing."
"Sad / Down: I feel stuck in this sadness","Your emotions are real and valid. Please know that feeling sad is a natural part of the human experience."
"Sad / Down: I feel so heavy and sad","Thank you for sharing. Your honesty is a strength, and you're taking important steps toward healing."
"Sad / Down: I feel numb to everything. I need support","What you're experiencing is valid. Remember that feeling sad doesn't define who you are."
"Sad / Down: Today was just too much for me to handle. Please help me understand this","I understand that things feel overwhelming. Remember to breathe and take things one moment at a time."
"Sad / Down: I feel like a burden to everyone, but I'm trying my best","What you're experiencing is valid. Remember that feeling sad doesn't define who you are."
"Sad / Down: I'm struggling to find meaning in anything","Thank you for sharing how you feel. Remember that seeking support is a sign of strength, not weakness."
"Sad / Down: I'm so tired of feeling this way, and it's getting harder each day","I hear you, and I want you to know that your feelings won't last forever, even though they feel overwhelming now."
"Sad / Down: I feel like I'm not good enough","I hear the exhaustion in your words. Please know that rest and self-compassion are not weaknesses."
"Sad / Down: Nothing seems to be going right. I can't remember the last time I felt happy","I'm sorry things feel so heavy. Remember that you're not alone, and it's okay to reach out for support."
"Sad / Down: I'm struggling to find meaning in anything","What you're experiencing sounds incredibly difficult. Please be patient with yourself as you navigate these feelings."
"Sad / Down: I feel like I'm not enough","Thank you for trusting yourself enough to express these feelings. That's an important act of self-care."
"Sad / Down: I feel like giving up on everything. I just want to feel okay again","What you're going through sounds really hard. Remember that you don't have to face this alone."
"Sad / Down: I feel stuck in this sadness. I just need someone to understand. I need support","I acknowledge your pain and want you to know that it's okay to take things one moment at a time."
"Sad / Down: I feel like I'm drowning in sadness, but I'm trying my best","I hear you, and I want you to know that your feelings won't last forever, even though they feel overwhelming now."
"Sad / Down: I feel so disconnected from everyone. It feels never-ending","What you're feeling is valid. Please remember that difficult feelings pass, even when they feel permanent."
"Sad / Down: Everything feels pointless","I acknowledge your pain and want you to know that it's okay to take things one moment at a time."
"Sad / Down: I'm drowning in my own thoughts. I don't want to burden anyone with this","I hear the exhaustion in your words. Please know that rest and self-compassion are not weaknesses."
"Sad / Down: I'm drowning in my own thoughts. I wish I could just make it stop. It feels never-ending","Thank you for sharing. Your honesty is a strength, and you're taking important steps toward healing."
"Sad / Down: I feel so disconnected from everyone, and I'm exhausted from pretending. It feels never-ending","I want you to know that your feelings are real and important. You don't have to go through this alone."
"Sad / Down: I can't stop crying today","I understand that everything feels difficult right now. Please remember to show yourself compassion."
"Sad / Down: I can't seem to find joy in anything anymore, but I don't know where to turn","I understand that things feel overwhelming. Remember to breathe and take things one moment at a time."
"Sad / Down: I feel like my world is falling apart","I understand that you're struggling. Remember that it's okay to take things slowly and be gentle with yourself."
"Sad / Down: I can't seem to find joy in anything anymore. I need support","Thank you for sharing. Your honesty is a strength, and you're taking important steps toward healing."
"Sad / Down: I'm struggling to find meaning in anything. I'm afraid to reach out for help","I hear you, and I want you to know that your feelings won't define your future. This is just a moment in time."
"Sad / Down: I'm struggling with my self-worth, and I don't know how to move forward","I hear you, and I want you to know that feeling this way doesn't make you weak. It makes you human."
"Sad / Down: I feel like my world is falling apart. I need support","Thank you for trusting yourself enough to express these feelings. That's an important act of self-care."
"Sad / Down: I feel so heavy and sad, but I don't know where to turn","I'm sorry you're experiencing this. Please know that these feelings are temporary, even though they feel overwhelming right now."
"Sad / Down: I'm struggling to get through each day. I wish I could just make it stop","I understand that you're going through a tough time. Please be kind to yourself as you work through these feelings."
"Sad / Down: I'm feeling really fragile today. I miss feeling like myself","Your feelings are completely understandable. Remember that it's okay to not have all the answers right now."
"Sad / Down: I feel like I'm not enough. I can't remember the last time I felt happy","Your feelings are understandable given what you're going through. Remember that healing isn't linear."
"Sad / Down: I'm feeling really down and don't know why","What you're feeling is valid. Please remember that difficult feelings pass, even when they feel permanent."
"Sad / Down: I'm struggling with my self-worth","I'm sorry things feel so heavy. Remember that you're not alone, and it's okay to reach out for support."
"Sad / Down: I feel like I'm not good enough, and it's affecting everything in my life","I hear the exhaustion in your words. Please know that rest and self-compassion are not weaknesses."
"Sad / Down: I'm so tired of feeling this way","I hear you, and your feelings are completely valid. It's okay to feel this way, and you're not alone in this experience."
"Sad / Down: I feel lost and don't know what to do. I don't want to burden anyone with this. It feels never-ending","I hear you, and I want you to know that it's okay to feel sad. Your emotions are valid."
"Sad / Down: I'm tired of pretending I'm okay","Your emotions are real and important. It's okay to take the time you need to process how you're feeling."
"Sad / Down: I'm so exhausted emotionally. I don't want to burden anyone with this","Thank you for being honest about your feelings. It's brave to face these emotions rather than push them away."
"Sad / Down: I feel like a burden to everyone. Please help me understand this","It's okay to not be okay. What you're feeling is a natural human experience, and you deserve compassion and understanding."
"Sad / Down: I don't feel like myself anymore, but I don't know where to turn","I understand that you're struggling. Remember that it's okay to take things slowly and be gentle with yourself."
"Sad / Down: I'm struggling with my self-worth. I wish I could just make it stop","I'm sorry you're feeling this way. Your emotions are valid, and it's okay to express them."
"Sad / Down: I'm so exhausted emotionally. I wish I could just make it stop. It feels never-ending","I understand that you're struggling. Remember that it's okay to take things slowly and be gentle with yourself."
"Sad / Down: I'm so sad and don't know how to cope, and I'm exhausted from pretending. I want to feel better","I understand that everything feels heavy right now. Small steps are still progress, even when they don't feel like it."
"Sad / Down: I can't seem to shake this feeling. Nobody seems to understand what I'm going through","I hear you, and I want you to know that feeling down doesn't make you a burden. You matter."
"Sad / Down: I can't find a reason to smile, and it's getting harder each day. Please help me understand this","What you're feeling is valid. Please remember that difficult feelings pass, even when they feel permanent."
"Sad / Down: I can't seem to find joy in anything anymore, and I'm exhausted from pretending","What you're feeling is valid. Please remember that difficult feelings pass, even when they feel permanent."
"Sad / Down: Nothing seems to be going right, and it's getting harder each day","I'm here with you. What you're feeling is valid, and you don't have to pretend to be okay."
"Sad / Down: I feel lost and don't know what to do","Thank you for being vulnerable. What you're feeling is part of being human, and you're not alone."
"Sad / Down: I'm losing motivation for everything. I wish I could just make it stop","Your feelings matter, and it's important that you're expressing them instead of bottling them up."
"Sad / Down: I feel like giving up on everything. I'm scared it will always be like this","I understand that you're going through a tough time. Please be kind to yourself as you work through these feelings."
"Sad / Down: I feel like giving up on everything","Thank you for sharing how you feel. Remember that seeking support is a sign of strength, not weakness."
"Sad / Down: I'm feeling really down and don't know why, and it's affecting everything in my life","Thank you for being vulnerable. What you're feeling is part of being human, and you're not alone."
"Sad / Down: I feel like giving up on everything. Nobody seems to understand what I'm going through","I'm sorry you're experiencing this. Please know that these feelings are temporary, even though they feel overwhelming right now."
"Sad / Down: I'm so tired of feeling sad. I just want to feel okay again","Thank you for being vulnerable. What you're feeling is part of being human, and you're not alone."
"Sad / Down: I feel like I'm not good enough","Your feelings deserve to be acknowledged. You're doing the best you can with what you have right now."
"Sad / Down: I can't find a reason to smile","I hear you, and I want you to know that your feelings won't define your future. This is just a moment in time."
"Sad / Down: I'm having trouble seeing the good in anything","I understand that everything feels heavy right now. Small steps are still progress, even when they don't feel like it."
"Sad / Down: I'm so sad and don't know how to cope, but I don't know where to turn","Thank you for trusting these feelings to words. You're stronger than you know, even in this moment."
"Sad / Down: I'm losing motivation for everything. I just need someone to understand. It feels never-ending","Thank you for being honest about your feelings. That takes courage, and you should be proud of yourself."
"Sad / Down: Everything feels overwhelming right now","I understand that everything feels heavy right now. Small steps are still progress, even when they don't feel like it."
"Sad / Down: I'm struggling to get through each day","I hear you, and I want you to know that it's okay to feel sad. Your emotions are valid."
"Sad / Down: I'm so tired of feeling this way, and it's affecting everything in my life","Thank you for sharing how you're feeling. What you're going through sounds really difficult, and it takes courage to acknowledge these emotions."
"Sad / Down: I feel so disconnected from everyone. I want to feel better","It's okay to not be okay. What you're feeling is a natural human experience, and you deserve compassion and understanding."
"Sad / Down: I'm carrying so much pain. I want to feel better","I understand that everything feels difficult right now. Please remember to show yourself compassion."
"Sad / Down: I'm losing motivation for everything. I wish I could just make it stop","I'm here with you. What you're feeling is valid, and you don't have to pretend to be okay."
"Sad / Down: I'm so exhausted emotionally. I feel like I'm failing everyone","I'm sorry you're feeling this way. Your emotions are valid, and it's okay to express them."
"Sad / Down: I can't seem to find joy in anything anymore, but I don't know where to turn","I'm sorry things feel so heavy. Remember that you're not alone, and it's okay to reach out for support."
"Sad / Down: I feel abandoned. I can't remember the last time I felt happy","I'm sorry you're struggling. Remember that it's okay to ask for support when you need it."
"Sad / Down: I'm so tired of feeling this way. I just need someone to understand","I'm here with you. What you're feeling is valid, and you don't have to pretend to be okay."
"Sad / Down: Everything feels overwhelming right now. Please help me understand this","I hear you, and I want you to know that your feelings won't define your future. This is just a moment in time."
"Sad / Down: I feel so alone today. I can't remember the last time I felt happy","Thank you for sharing how you feel. Remember that seeking support is a sign of strength, not weakness."
"Sad / Down: I feel like giving up","I'm here with you in this moment. Your emotions are valid, and it's okay to feel sad sometimes."
"Sad / Down: I feel like nobody understands me, and I don't know how to move forward","I understand that everything feels heavy right now. Small steps are still progress, even when they don't feel like it."
"Sad / Down: I'm struggling to find meaning in anything. I wish I could just make it stop","Thank you for being honest about your feelings. It's brave to face these emotions rather than push them away."
"Sad / Down: Everything feels overwhelming right now","Thank you for sharing. Your honesty is a strength, and you're taking important steps toward healing."
"Sad / Down: I feel like giving up","I'm here for you. What you're experiencing is difficult, but you have the strength to get through this."
"Sad / Down: Everything feels overwhelming right now. I feel like I'm failing everyone","I hear you, and I want you to know that feeling this way doesn't make you weak. It makes you human."
"Sad / Down: I feel like I'm not good enough. I feel like I'm failing everyone","I hear the pain you're experiencing. Please know that you deserve kindness and understanding."
"Sad / Down: I'm feeling really fragile today","Thank you for sharing how you're feeling. What you're going through sounds really difficult, and it takes courage to acknowledge these emotions."
"Sad / Down: I'm having a really hard time. I don't want to burden anyone with this","Your feelings deserve to be acknowledged. You're doing the best you can with what you have right now."
"Sad / Down: I feel like nobody understands me","I'm sorry you're experiencing this. Please know that these feelings are temporary, even though they feel overwhelming right now."
"Sad / Down: I'm so exhausted emotionally. I'm scared it will always be like this","I'm here for you. What you're experiencing is difficult, but you have the strength to get through this."
"Sad / Down: I feel so alone today. I'm scared it will always be like this. Please help me understand this","Your emotions are real and valid. Please know that feeling sad is a natural part of the human experience."
"Sad / Down: I'm feeling really down and don't know why, and it's affecting everything in my life","Thank you for trusting yourself enough to express these feelings. That's an important act of self-care."
"Sad / Down: I'm feeling really fragile today","I hear the pain in your words. Please remember that you're stronger than you know, even when you don't feel strong."
"Sad / Down: Everything feels pointless. I just need someone to understand","What you're experiencing is valid. Remember that feeling sad doesn't define who you are."
"Sad / Down: I feel so alone today. I wish I could just make it stop","I'm sorry things feel so difficult right now. Please know that you deserve support and understanding."
"Sad / Down: I'm feeling really vulnerable right now. I can't remember the last time I felt happy. Please help me understand this","What you're feeling is valid. Please remember that difficult feelings pass, even when they feel permanent."
"Sad / Down: I'm so tired of feeling this way","Your feelings deserve to be acknowledged. You're doing the best you can with what you have right now."
"Sad / Down: I feel lost and don't know what to do","I'm here with you in this moment. Your emotions are valid, and it's okay to feel sad sometimes."
"Sad / Down: I'm having trouble seeing the good in anything. It feels never-ending","I understand that everything feels difficult right now. Please remember to show yourself compassion."
"Sad / Down: I don't feel like myself anymore, but I keep putting on a brave face. Please help me understand this","I understand that everything feels heavy right now. Small steps are still progress, even when they don't feel like it."
"Sad / Down: I'm having a really hard time, and it's affecting everything in my life","I understand that you're hurting. Please be patient with yourself as you navigate these difficult emotions."
"Sad / Down: I can't stop crying today. I'm trying to stay strong but it's hard","I'm here with you. What you're feeling is valid, and you don't have to pretend to be okay."
"Sad / Down: I feel stuck in this sadness. Nobody seems to understand what I'm going through","Thank you for sharing how you feel. Remember that seeking support is a sign of strength, not weakness."
"Sad / Down: I'm having a really hard time, and I'm exhausted from pretending","Thank you for sharing. Your honesty takes strength, and you're taking an important step toward healing."
"Sad / Down: I'm struggling to find meaning in anything. I don't want to burden anyone with this","I hear you, and your feelings are completely valid. It's okay to feel this way, and you're not alone in this experience."
"Sad / Down: I feel like nobody understands me","What you're going through sounds really hard. Remember that you don't have to face this alone."
"Sad / Down: I feel stuck in this sadness. It feels never-ending","What you're going through sounds really hard. Remember that you don't have to face this alone."
"Sad / Down: I feel so heavy and sad. I feel like I'm failing everyone","What you're experiencing sounds incredibly difficult. Please be patient with yourself as you navigate these feelings."
"Sad / Down: I feel like I'm not good enough, and it's getting harder each day","I hear the pain in your words. Please remember that you're stronger than you know, even when you don't feel strong."
"Sad / Down: I'm carrying so much pain. I'm trying to stay strong but it's hard","I understand that you're going through a tough time. Please be kind to yourself as you work through these feelings."
"Sad / Down: I feel like I'm failing at everything, and it's affecting everything in my life","Thank you for trusting yourself enough to express these feelings. That's an important act of self-care."
"Sad / Down: I'm so disappointed in myself, but I don't know where to turn","Your feelings are understandable given what you're going through. Remember that healing isn't linear."
"Sad / Down: I can't seem to find joy in anything anymore. I don't want to burden anyone with this","Your feelings are important and deserve to be heard. You're taking a brave step by acknowledging them."
"Sad / Down: I'm so sad and don't know how to cope, and it's affecting everything in my life","I understand that you're hurting. Please be patient with yourself as you navigate these difficult emotions."
"Sad / Down: I'm tired of pretending I'm okay","I understand that things feel overwhelming. Remember to breathe and take things one moment at a time."
"Sad / Down: I feel like my world is falling apart","Your emotions are real and valid. Please know that feeling sad is a natural part of the human experience."
"Sad / Down: I'm feeling really down and don't know why, and I'm running out of energy","I'm here for you. What you're experiencing is difficult, but you have the strength to get through this."
"Sad / Down: I'm losing motivation for everything, and it's getting harder each day","I'm sorry things feel so heavy. Remember that you're not alone, and it's okay to reach out for support."
"Sad / Down: I'm losing motivation for everything. I'm scared it will always be like this","What you're experiencing is valid. Remember that feeling sad doesn't define who you are."
"Sad / Down: I feel hopeless about the future, and it's getting harder each day","It's okay to not be okay. What you're feeling is a natural human experience, and you deserve compassion and understanding."
"Sad / Down: I feel like nobody understands me, but I'm trying my best","I'm sorry you're experiencing this. Please know that these feelings are temporary, even though they feel overwhelming right now."
"Sad / Down: I feel so defeated, but I don't know where to turn","I understand that you're hurting. Please be patient with yourself as you navigate these difficult emotions."
"Sad / Down: I feel like I'm not enough. I need support","Thank you for sharing. Your honesty is a strength, and you're taking important steps toward healing."
"Sad / Down: I can't seem to shake this feeling. I'm scared it will always be like this","I hear you, and I want you to know that feeling this way doesn't make you weak. It makes you human."
"Sad / Down: I'm feeling really vulnerable right now","I want you to know that your feelings are real and important. You don't have to go through this alone."
"Sad / Down: I feel like I'm failing at everything. I miss feeling like myself. I need support","I hear you, and I want you to know that it's okay to feel sad. Your emotions are valid."
"Sad / Down: I'm carrying so much pain. I'm trying to stay strong but it's hard","I'm here for you. What you're experiencing is difficult, but you have the strength to get through this."
"Sad / Down: I can't seem to shake this feeling. It feels never-ending","It's okay to not be okay. What you're feeling is a natural human experience, and you deserve compassion and understanding."
"Sad / Down: I'm feeling really low today","Thank you for sharing how you feel. Remember that seeking support is a sign of strength, not weakness."
"Sad / Down: I'm losing motivation for everything, but I don't know where to turn","Your feelings are completely understandable. Remember that it's okay to not have all the answers right now."
"Sad / Down: I can't seem to shake this feeling","What you're experiencing is valid. Remember that feeling sad doesn't define who you are."
"Sad / Down: I feel abandoned","Your feelings deserve to be acknowledged. You're doing the best you can with what you have right now."
"Sad / Down: I feel so defeated. I don't want to burden anyone with this","I hear you, and your feelings are completely valid. It's okay to feel this way, and you're not alone in this experience."
"Sad / Down: I'm so tired of feeling this way","I'm here for you. What you're experiencing is difficult, but you have the strength to get through this."
"Sad / Down: I'm so sad and don't know how to cope","Your feelings are important and deserve to be heard. You're taking a brave step by acknowledging them."
"Sad / Down: I'm so tired of feeling sad, and I'm running out of energy","I understand that you're struggling. Remember that it's okay to take things slowly and be gentle with yourself."
"Sad / Down: I'm tired of pretending I'm okay","Thank you for trusting yourself enough to express these feelings. That's an important act of self-care."
"Sad / Down: I'm struggling to find meaning in anything, but nobody can see how much I'm hurting","I'm sorry you're experiencing this. Please know that these feelings are temporary, even though they feel overwhelming right now."
"Sad / Down: I feel hopeless about the future. I want to feel better","I hear the pain in your words. Please remember that you're stronger than you know, even when you don't feel strong."
"Sad / Down: I'm losing motivation for everything. I can't remember the last time I felt happy","Your feelings are completely understandable. Remember that it's okay to not have all the answers right now."
"Sad / Down: I feel like I'm not good enough, and I'm running out of energy","Thank you for trusting these feelings to words. You're stronger than you know, even in this moment."
"Sad / Down: I feel so alone today","I'm here with you. What you're feeling is valid, and you don't have to pretend to be okay."
"Sad / Down: I feel stuck in this sadness. I just need someone to understand","I understand that you're going through a tough time. Please be kind to yourself as you work through these feelings."
"Sad / Down: I'm feeling really fragile today. I'm afraid to reach out for help","It's okay to not be okay. What you're feeling is a natural human experience, and you deserve compassion and understanding."
"Sad / Down: I'm so exhausted emotionally. Please help me understand this","Your feelings matter, and it's important that you're expressing them instead of bottling them up."
"Sad / Down: I can't stop crying today. It feels never-ending","I'm here with you in this moment. Your emotions are valid, and it's okay to feel sad sometimes."
"Sad / Down: I'm so tired of feeling sad","I hear you, and I want you to know that feeling this way doesn't make you weak. It makes you human."
"Sad / Down: I'm so exhausted emotionally. I feel like I'm failing everyone","I acknowledge your pain and want you to know that it's okay to take things one moment at a time."
"Sad / Down: I feel like I'm failing at everything","I'm here with you. What you're feeling is valid, and you don't have to pretend to be okay."
"Sad / Down: I'm struggling to find meaning in anything","I'm sorry you're experiencing this. Please know that these feelings are temporary, even though they feel overwhelming right now."
"Sad / Down: I can't seem to shake this feeling, but I keep putting on a brave face","Your feelings are completely understandable. Remember that it's okay to not have all the answers right now."
"Sad / Down: I'm feeling really fragile today, and I don't know how to move forward","Thank you for sharing. Your honesty is a strength, and you're taking important steps toward healing."
"Sad / Down: I'm feeling really low today, but I'm trying my best","What you're experiencing is valid. Remember that feeling sad doesn't define who you are."
"Sad / Down: I feel hopeless about the future. I'm afraid to reach out for help. Please help me understand this","Thank you for sharing how you're feeling. What you're going through sounds really difficult, and it takes courage to acknowledge these emotions."
"Sad / Down: Everything feels pointless, and I don't know how to move forward. I need support","Your feelings are understandable given what you're going through. Remember that healing isn't linear."
"Sad / Down: Nothing makes me happy anymore, and I don't know how to move forward. I want to feel better","Thank you for sharing. Your honesty takes strength, and you're taking an important step toward healing."
"Sad / Down: Everything feels pointless, but I keep putting on a brave face","Your feelings are completely understandable. Remember that it's okay to not have all the answers right now."
"Sad / Down: I feel like giving up on everything","Thank you for being honest about your feelings. That takes courage, and you should be proud of yourself."
"Sad / Down: I'm tired of pretending I'm okay, but I don't know where to turn","I understand that things feel heavy right now. Remember to be gentle with yourself during this difficult time."
"Sad / Down: I feel like I'm failing at everything, but I don't know where to turn. It feels never-ending","I understand that things feel heavy right now. Remember to be gentle with yourself during this difficult time."
"Sad / Down: I feel like my world is falling apart, and I'm running out of energy","I'm here with you in this moment. Your emotions are valid, and it's okay to feel sad sometimes."
"Sad / Down: I feel broken inside","I'm here with you in this moment. Your emotions are valid, and it's okay to feel sad sometimes."
"Sad / Down: I'm so sad and don't know how to cope. Please help me understand this","I hear the pain in your words. Please remember that you're stronger than you know, even when you don't feel strong."
"Sad / Down: I feel like I'm not good enough, and I don't know how to move forward","I understand that everything feels difficult right now. Please remember to show yourself compassion."
"Sad / Down: I'm having a really hard time","Your feelings are important and deserve to be heard. You're taking a brave step by acknowledging them."
"Sad / Down: I'm tired of pretending I'm okay","I hear you, and I want you to know that your feelings won't define your future. This is just a moment in time."
"Sad / Down: I can't stop crying today, and it's affecting everything in my life. I want to feel better","It's okay to not be okay. What you're feeling is a natural human experience, and you deserve compassion and understanding."
"Sad / Down: I feel lost and don't know what to do","I hear you, and I want you to know that your feelings won't last forever, even though they feel overwhelming now."
"Sad / Down: I'm feeling really down and don't know why. I'm afraid to reach out for help","Your emotions are real and valid. Please know that feeling sad is a natural part of the human experience."
"Sad / Down: I feel so heavy and sad, and it's getting harder each day","I hear the pain in your words. Please remember that you're stronger than you know, even when you don't feel strong."
"Sad / Down: I feel like I'm invisible","Your feelings matter, and it's important that you're expressing them. You're taking an important step by acknowledging how you feel."
"Sad / Down: I'm so exhausted emotionally, but I don't know where to turn","Thank you for being honest about your feelings. That takes courage, and you should be proud of yourself."
"Sad / Down: I feel like I'm not good enough. Please help me understand this","Thank you for sharing how you're feeling. What you're going through sounds really difficult, and it takes courage to acknowledge these emotions."
"Sad / Down: I'm tired of pretending I'm okay, but I'm trying my best. I want to feel better","I'm sorry you're struggling. Remember that it's okay to ask for support when you need it."
"Sad / Down: I feel so alone today","I hear you, and I want you to know that feeling down doesn't make you a burden. You matter."
"Sad / Down: Everything feels overwhelming right now. Nobody seems to understand what I'm going through. Please help me understand this","It's okay to not be okay. What you're feeling is a natural human experience, and you deserve compassion and understanding."
"Sad / Down: I'm losing motivation for everything","I want you to know that your feelings are real and important. You don't have to go through this alone."
"Sad / Down: Everything feels overwhelming right now. I'm afraid to reach out for help","I'm sorry you're feeling this way. Your emotions are valid, and it's okay to express them."
"Sad / Down: I feel like giving up","What you're experiencing sounds incredibly difficult. Please be patient with yourself as you navigate these feelings."
"Sad / Down: I'm struggling with my self-worth","I understand that you're struggling. Remember that it's okay to take things slowly and be gentle with yourself."
"Sad / Down: I feel like giving up on everything. I'm trying to stay strong but it's hard","Thank you for trusting these feelings to words. You're stronger than you know, even in this moment."
"Sad / Down: I don't see the point in trying anymore. I need support","I hear you, and I want you to know that your feelings won't define your future. This is just a moment in time."
"Sad / Down: Everything feels pointless, and it's getting harder each day","What you're experiencing is valid. Remember that feeling sad doesn't define who you are."
"Sad / Down: I feel so disconnected from everyone. I'm afraid to reach out for help","Your feelings are understandable given what you're going through. Remember that healing isn't linear."
"Sad / Down: I feel like I'm failing at everything","What you're going through sounds really hard. Remember that you don't have to face this alone."
"Sad / Down: I'm having trouble seeing the good in anything","I'm here for you. What you're experiencing is difficult, but you have the strength to get through this."
"Sad / Down: I'm struggling to get through each day. I'm afraid to reach out for help","I understand that everything feels difficult right now. Please remember to show yourself compassion."
"Sad / Down: I feel hopeless about the future","I hear the pain in your words. Please remember that you're stronger than you know, even when you don't feel strong."
"Sad / Down: I feel so heavy and sad","I understand that things feel heavy right now. Remember to be gentle with yourself during this difficult time."
"Sad / Down: I don't feel like myself anymore. I just need someone to understand","Thank you for being vulnerable. What you're feeling is part of being human, and you're not alone."
"Sad / Down: I'm carrying so much pain, but I keep putting on a brave face. It feels never-ending","Your feelings matter, and it's important that you're expressing them. You're taking an important step by acknowledging how you feel."
"Sad / Down: I can't seem to find joy in anything anymore","I hear you, and I want you to know that your feelings won't define your future. This is just a moment in time."
"Sad / Down: I'm feeling really fragile today. I just want to feel okay again. It feels never-ending","Thank you for sharing. Your honesty is a strength, and you're taking important steps toward healing."
"Sad / Down: I'm so tired of feeling sad. Please help me understand this","I understand that things feel overwhelming. Remember to breathe and take things one moment at a time."
"Sad / Down: I feel like I'm not good enough, but nobody can see how much I'm hurting","I understand that things feel heavy right now. Remember to be gentle with yourself during this difficult time."
"Sad / Down: I feel like giving up. I just want to feel okay again","It's okay to not be okay. What you're feeling is a natural human experience, and you deserve compassion and understanding."
"Sad / Down: I feel so disconnected from everyone. I don't want to burden anyone with this","I want you to know that your feelings are real and important. You don't have to go through this alone."
"Sad / Down: I can't seem to shake this feeling","Your feelings are important and deserve to be heard. You're taking a brave step by acknowledging them."
"Sad / Down: I'm carrying so much pain","I acknowledge your pain and want you to know that it's okay to take things one moment at a time."
"Sad / Down: I feel like I'm drowning in sadness, and I'm exhausted from pretending","I hear you, and I want you to know that feeling down doesn't make you a burden. You matter."
"Sad / Down: I feel like I'm not enough, and I'm exhausted from pretending","Your feelings are completely understandable. Remember that it's okay to not have all the answers right now."
"Sad / Down: I'm so tired of feeling this way, but nobody can see how much I'm hurting. I need support","I hear the weight of what you're carrying. Please remember that it's okay to set down that burden sometimes."
"Sad / Down: I feel lost and don't know what to do. I'm scared it will always be like this","I understand that things feel heavy right now. Remember to be gentle with yourself during this difficult time."
"Sad / Down: I feel so alone today, and it's affecting everything in my life. It feels never-ending","I'm here with you. What you're feeling is valid, and you don't have to pretend to be okay."
"Sad / Down: I feel like nobody understands me","What you're experiencing sounds incredibly difficult. Please be patient with yourself as you navigate these feelings."
"Sad / Down: I'm so disappointed in myself. I want to feel better","I hear the exhaustion in your words. Please know that rest and self-compassion are not weaknesses."
"Sad / Down: I feel like I'm not enough. I'm afraid to reach out for help. Please help me understand this","I'm here with you in this moment. Your emotions are valid, and it's okay to feel sad sometimes."
"Sad / Down: I feel so defeated. Please help me understand this","Your emotions are real and valid. Please know that feeling sad is a natural part of the human experience."
"Sad / Down: I'm feeling really low today","Thank you for sharing. Your honesty takes strength, and you're taking an important step toward healing."
"Sad / Down: I feel hopeless about the future","I hear the weight of what you're carrying. Please remember that it's okay to set down that burden sometimes."
"Sad / Down: I'm so disappointed in myself, but nobody can see how much I'm hurting. I need support","I understand that everything feels difficult right now. Please remember to show yourself compassion."
"Sad / Down: I feel like giving up. I just need someone to understand","I want you to know that your feelings are real and important. You don't have to go through this alone."
"Sad / Down: I feel broken inside, and I'm exhausted from pretending. I want to feel better","I acknowledge your pain and want you to know that it's okay to take things one moment at a time."
"Sad / Down: I can't seem to find joy in anything anymore. Please help me understand this","Thank you for being vulnerable. What you're feeling is part of being human, and you're not alone."
"Sad / Down: I feel like my world is falling apart. Nobody seems to understand what I'm going through","I'm sorry you're feeling this way. Your emotions are valid, and it's okay to express them."
"Sad / Down: I feel stuck in this sadness, and it's getting harder each day. Please help me understand this","Thank you for being honest about your feelings. That takes courage, and you should be proud of yourself."
"Sad / Down: I feel like I'm drowning in sadness. I just need someone to understand. Please help me understand this","I hear the exhaustion in your words. Please know that rest and self-compassion are not weaknesses."
"Sad / Down: I can't seem to find joy in anything anymore","Thank you for being honest about your feelings. That takes courage, and you should be proud of yourself."
"Sad / Down: I feel hopeless about the future","I acknowledge your pain and want you to know that it's okay to take things one moment at a time."
"Sad / Down: I feel broken inside. I wish I could just make it stop. It feels never-ending","I'm here for you. What you're experiencing is difficult, but you have the strength to get through this."
"Sad / Down: I feel empty inside. It feels never-ending","I understand that things feel overwhelming. Remember to breathe and take things one moment at a time."
"Sad / Down: I feel so defeated, but nobody can see how much I'm hurting","I hear you, and I want you to know that feeling down doesn't make you a burden. You matter."
"Sad / Down: Everything feels pointless. I just want to feel okay again. I need support","I understand that you're going through a tough time. Please be kind to yourself as you work through these feelings."
"Sad / Down: I feel so disconnected from everyone","I'm sorry you're struggling. Remember that it's okay to ask for support when you need it."
"Sad / Down: I'm so exhausted emotionally, but I'm trying my best","Thank you for trusting these feelings to words. You're stronger than you know, even in this moment."
"Sad / Down: I feel stuck in this sadness, and I'm running out of energy","I acknowledge your pain and want you to know that it's okay to take things one moment at a time."
"Sad / Down: I'm so disappointed in myself, but I keep putting on a brave face. I need support","Thank you for sharing how you feel. Remember that seeking support is a sign of strength, not weakness."
"Sad / Down: I'm having a really hard time","I understand that everything feels difficult right now. Please remember to show yourself compassion."
"Sad / Down: I feel abandoned, but I don't know where to turn","Thank you for sharing how you're feeling. What you're going through sounds really difficult, and it takes courage to acknowledge these emotions."
"Sad / Down: I'm struggling to get through each day. I want to feel better","Thank you for trusting yourself enough to express these feelings. That's an important act of self-care."
"Sad / Down: I'm feeling really low today","I'm sorry things feel so heavy. Remember that you're not alone, and it's okay to reach out for support."
"Sad / Down: I don't feel like myself anymore. I'm scared it will always be like this","I'm here with you. What you're feeling is valid, and you don't have to pretend to be okay."
"Sad / Down: I feel hopeless about the future, but nobody can see how much I'm hurting","Your feelings matter, and it's important that you're expressing them. You're taking an important step by acknowledging how you feel."
"Sad / Down: I feel like I'm drowning in sadness","What you're experiencing is valid. Remember that feeling sad doesn't define who you are."
"Sad / Down: I'm feeling really down and don't know why. I can't remember the last time I felt happy","I hear the pain in your words. Please remember that you're stronger than you know, even when you don't feel strong."
"Sad / Down: I'm struggling to get through each day, but I keep putting on a brave face","I hear you, and I want you to know that your feelings won't last forever, even though they feel overwhelming now."
"Sad / Down: I feel empty inside. I feel like I'm failing everyone. I want to feel better","I hear the struggle in your words. Please remember that you're worthy of compassion, especially from yourself."
"Sad / Down: I'm tired of pretending I'm okay, and it's getting harder each day","I hear the exhaustion in your words. Please know that rest and self-compassion are not weaknesses."
"Sad / Down: I'm so tired of feeling sad. I miss feeling like myself","I hear the weight of what you're carrying. Please remember that it's okay to set down that burden sometimes."
"Sad / Down: I feel like I'm not enough","Thank you for being honest about your feelings. That takes courage, and you should be proud of yourself."
"Sad / Down: I'm losing motivation for everything","It's okay to not be okay. What you're feeling is a natural human experience, and you deserve compassion and understanding."
"Sad / Down: I don't see the point in trying anymore","I hear you, and I want you to know that your feelings won't last forever, even though they feel overwhelming now."
"Sad / Down: I feel so defeated","I hear you, and I want you to know that feeling down doesn't make you a burden. You matter."
"Sad / Down: I feel lost and don't know what to do. Please help me understand this","I'm here with you in this moment. Your emotions are valid, and it's okay to feel sad sometimes."
"Sad / Down: Nothing seems to be going right, and it's affecting everything in my life","Your feelings matter, and it's important that you're expressing them instead of bottling them up."
"Sad / Down: I feel stuck in this sadness. I'm scared it will always be like this","I hear you, and I want you to know that feeling this way doesn't make you weak. It makes you human."
"Sad / Down: Everything feels overwhelming right now","Your emotions are real and important. It's okay to take the time you need to process how you're feeling."
"Sad / Down: I'm drowning in my own thoughts. I feel like I'm failing everyone","Your feelings are understandable given what you're going through. Remember that healing isn't linear."
"Sad / Down: I'm losing motivation for everything","Your feelings matter, and it's important that you're expressing them. You're taking an important step by acknowledging how you feel."
"Sad / Down: I feel so heavy and sad","Thank you for being vulnerable. What you're feeling is part of being human, and you're not alone."
"Sad / Down: I feel like I'm not good enough","I'm sorry you're experiencing this. Please know that these feelings are temporary, even though they feel overwhelming right now."
"Sad / Down: I feel like I'm not enough, but I don't know where to turn. I need support","I hear the exhaustion in your words. Please know that rest and self-compassion are not weaknesses."
"Sad / Down: I feel like nobody understands me. I'm trying to stay strong but it's hard","I understand that everything feels heavy right now. Small steps are still progress, even when they don't feel like it."
"Sad / Down: I can't stop crying today","Your feelings are important and deserve to be heard. You're taking a brave step by acknowledging them."
"Sad / Down: I'm so sad and don't know how to cope","I hear the weight of what you're carrying. Please remember that it's okay to set down that burden sometimes."
"Sad / Down: I feel empty inside. I feel like I'm failing everyone. It feels never-ending","Your feelings matter, and it's important that you're expressing them instead of bottling them up."
"Sad / Down: I can't find a reason to smile, but I'm trying my best","Thank you for being vulnerable. What you're feeling is part of being human, and you're not alone."
"Sad / Down: Nothing makes me happy anymore. I need support","I understand that you're struggling. Remember that it's okay to take things slowly and be gentle with yourself."
"Sad / Down: I don't see the point in trying anymore. I don't want to burden anyone with this","Thank you for sharing how you're feeling. What you're going through sounds really difficult, and it takes courage to acknowledge these emotions."
"Sad / Down: I'm struggling to get through each day. I miss feeling like myself","Thank you for trusting yourself enough to express these feelings. That's an important act of self-care."
"Sad / Down: I'm having trouble seeing the good in anything","I hear you, and I want you to know that feeling down doesn't make you a burden. You matter."
"Sad / Down: I feel empty inside","Your emotions are real and important. It's okay to take the time you need to process how you're feeling."
"Sad / Down: I'm so disappointed in myself, but I'm trying my best. It feels never-ending","What you're experiencing sounds incredibly difficult. Please be patient with yourself as you navigate these feelings."
"Sad / Down: I feel like nobody understands me. I just need someone to understand","I'm sorry things feel so heavy. Remember that you're not alone, and it's okay to reach out for support."
"Sad / Down: I feel so defeated. I just need someone to understand","I hear you, and I want you to know that it's okay to feel sad. Your emotions are valid."
"Sad / Down: I'm feeling really fragile today","Thank you for sharing. Your honesty is a strength, and you're taking important steps toward healing."
"Sad / Down: I feel hopeless about the future, and I don't know how to move forward. I need support","I want you to know that your feelings are real and important. You don't have to go through this alone."
"Sad / Down: I'm feeling really down and don't know why. I just need someone to understand. It feels never-ending","I hear you, and I want you to know that it's okay to feel sad. Your emotions are valid."
"Sad / Down: I don't feel like myself anymore, but I don't know where to turn. It feels never-ending","Thank you for trusting these feelings to words. You're stronger than you know, even in this moment."
"Sad / Down: I'm struggling to find meaning in anything. I don't want to burden anyone with this","Your feelings matter, and it's important that you're expressing them. You're taking an important step by acknowledging how you feel."
"Sad / Down: I feel lost and don't know what to do","I hear you, and your feelings are completely valid. It's okay to feel this way, and you're not alone in this experience."
"Sad / Down: I'm so tired of feeling this way, but I don't know where to turn","I'm sorry you're struggling. Remember that it's okay to ask for support when you need it."
"Sad / Down: I feel like I'm not enough, and I'm running out of energy","Thank you for being vulnerable. What you're feeling is part of being human, and you're not alone."
"Sad / Down: I feel empty inside. I just want to feel okay again","I'm here with you in this moment. Your emotions are valid, and it's okay to feel sad sometimes."
"Sad / Down: I'm drowning in my own thoughts, but I keep putting on a brave face","Thank you for sharing how you feel. Remember that seeking support is a sign of strength, not weakness."
"Sad / Down: Everything feels pointless. I don't want to burden anyone with this","I hear you, and your feelings are completely valid. It's okay to feel this way, and you're not alone in this experience."